Source,Seed,Overall,Column Shapes,Column Pair Trends
GaussianCopula,0,0.7899240946763104,0.8860182149362478,0.6938299744163732
CopulaGAN,0,0.7559657827002587,0.8658360655737705,0.646095499826747
CTGAN,0,0.7601102139545379,0.8694681238615664,0.6507523040475094
TVAE,0,0.7853687915280505,0.8643041894353369,0.7064333936207641
Independent baseline,0,0.9020863513506733,0.9860765027322405,0.8180961999691061
GaussianCopula,1,0.7943596817542817,0.8934990892531877,0.6952202742553759
CopulaGAN,1,0.7413516727996278,0.859806921675774,0.6228964239234815
CTGAN,1,0.7781756690302575,0.8730418943533699,0.6833094437071451
TVAE,1,0.7785353779085029,0.8634845173041894,0.6935862385128164
Independent baseline,1,0.9025821243250767,0.9874207650273225,0.817743483622831
GaussianCopula,2,0.7918178890091045,0.8878542805100182,0.695781497508191
CopulaGAN,2,0.7273423876930181,0.84412204007286,0.6105627353131763
CTGAN,2,0.7697157898996815,0.8779271402550093,0.6615044395443537
TVAE,2,0.7719658932804492,0.8550856102003642,0.6888461763605342
Independent baseline,2,0.90354714836057,0.9883406193078322,0.8187536774133078
GaussianCopula,3,0.7926466253753268,0.8875428051001822,0.6977504456504715
CopulaGAN,3,0.7413110153645255,0.8630346083788708,0.6195874223501803
CTGAN,3,0.7667519107106351,0.8695828779599272,0.663920943461343
TVAE,3,0.777871416039342,0.8628415300546448,0.6929013020240391
Independent baseline,3,0.9028695968064813,0.9871785063752276,0.8185606872377348
GaussianCopula,4,0.794170412561305,0.8863788706739528,0.7019619544486573
CopulaGAN,4,0.7461065177074072,0.8586976320582879,0.6335154033565266
CTGAN,4,0.7552510129927603,0.8560127504553733,0.6544892755301472
TVAE,4,0.7692425174070994,0.8626593806921675,0.6758256541220313
Independent baseline,4,0.9023529383547926,0.9870601092896176,0.8176457674199675
GaussianCopula,5,0.7960604685803689,0.8918488160291438,0.7002721211315942
CopulaGAN,5,0.7342632838069094,0.8398943533697631,0.6286322142440557
CTGAN,5,0.7781881934457133,0.8790455373406193,0.6773308495508074
TVAE,5,0.792275922612236,0.8692550091074682,0.7152968361170038
Independent baseline,5,0.9029317442270566,0.9881238615664845,0.8177396268876288
GaussianCopula,6,0.7932814722469845,0.8869307832422587,0.6996321612517103
CopulaGAN,6,0.742261982707414,0.8628069216757741,0.6217170437390538
CTGAN,6,0.7827732742303534,0.8916411657559199,0.6739053827047868
TVAE,6,0.7885576816518415,0.8686284153005464,0.7084869480031366
Independent baseline,6,0.9019972552995537,0.986848816029144,0.8171456945699633
GaussianCopula,7,0.7921831717479888,0.888928961748634,0.6954373817473435
CopulaGAN,7,0.748838581105856,0.869615664845173,0.628061497366539
CTGAN,7,0.7561453116378722,0.8697213114754099,0.6425693118003346
TVAE,7,0.7801296130817523,0.861056466302368,0.6992027598611366
Independent baseline,7,0.9027341808519631,0.9875446265938069,0.8179237351101192
GaussianCopula,8,0.7947762812689203,0.8910145719489981,0.6985379905888426
CopulaGAN,8,0.7583944258160641,0.8794499089253188,0.6373389427068094
CTGAN,8,0.7812261043911066,0.8839180327868852,0.6785341759953282
TVAE,8,0.7950209717690775,0.8703406193078322,0.7197013242303226
Independent baseline,8,0.9025134743450295,0.9882459016393443,0.8167810470507146
GaussianCopula,9,0.7895144740230824,0.8849708561020035,0.6940580919441612
CopulaGAN,9,0.7534171012081666,0.8659417122040074,0.6408924902123259
CTGAN,9,0.763745487164792,0.8694553734061932,0.6580356009233906
TVAE,9,0.7833121965326957,0.8642823315118398,0.7023420615535515
Independent baseline,9,0.9015244907957067,0.986214936247723,0.8168340453436903
