Source,Metric,Mean,SD,CI95_low,CI95_high,Min,Max
CTGAN,Overall,76.9208296745771,1.0402161930889442,76.2760969984636,77.56556235069061,75.52510129927603,78.27732742303533
CTGAN,Column Shapes,87.39814207650274,0.9740655446673661,86.79440999706023,88.00187415594525,85.60127504553734,89.16411657559199
CTGAN,Column Pair Trends,66.44351727265146,1.3437382120907768,65.61065970012645,67.27637484517648,64.25693118003346,68.3309443707145
CopulaGAN,Overall,74.49252750909247,0.9706205682926249,73.89093064812857,75.09412437005636,72.73423876930181,75.8394425816064
CopulaGAN,Column Shapes,86.092058287796,1.1579755232647817,85.37433762266056,86.80977895293142,83.98943533697631,87.94499089253188
CopulaGAN,Column Pair Trends,62.89299673038896,1.0767263752549936,62.2256348089227,63.56035865185522,61.05627353131763,64.6095499826747
GaussianCopula,Overall,79.28734571243672,0.20938771070786089,79.1575658647792,79.41712556009423,78.95144740230823,79.60604685803689
GaussianCopula,Column Shapes,88.84987249544626,0.2781315566247515,88.67748477065821,89.02226022023432,88.49708561020036,89.34990892531877
GaussianCopula,Column Pair Trends,69.72481892942722,0.27961576619664563,69.55151128201581,69.89812657683862,69.38299744163731,70.19619544486572
Independent baseline,Overall,90.25139304716903,0.056533700802905776,90.21635309638629,90.28643299795178,90.15244907957067,90.354714836057
Independent baseline,Column Shapes,98.73054644808744,0.07944724477883526,98.68130453561153,98.77978836056334,98.60765027322404,98.83406193078322
Independent baseline,Column Pair Trends,81.77223964625063,0.06634123236196669,81.73112092442955,81.8133583680717,81.67810470507146,81.87536774133079
TVAE,Overall,78.22280381811048,0.8344511840583113,77.70560561589214,78.74000202032882,76.92425174070993,79.50209717690775
TVAE,Column Shapes,86.41938069216758,0.44792509848617423,86.14175383982275,86.6970075445124,85.50856102003642,87.03406193078322
TVAE,Column Pair Trends,70.02622694405336,1.3086548788941093,69.21511424672751,70.83733964137922,67.58256541220314,71.97013242303227
