Model,Version,Seed,Attack_lift_pp,Too_close_pct,QI_disclosed_patients,Spearman_r
GaussianCopula,Identifiers retained,0,2.220446049250313e-16,18.8,4,0.5224010736936648
GaussianCopula,AnonymizedFaker,0,2.083333333333333,15.9,5,0.5370121647802044
GaussianCopula,Identifiers excluded,0,2.083333333333333,15.9,5,0.5370121647802044
CopulaGAN,Identifiers retained,0,-4.861111111111111,17.299999999999997,2,0.49811992980497694
CopulaGAN,AnonymizedFaker,0,-7.638888888888888,29.7,6,0.5267081247358597
CopulaGAN,Identifiers excluded,0,-7.638888888888888,29.7,6,0.5267081247358597
CTGAN,Identifiers retained,0,-2.7777777777777777,17.9,5,0.5226118212879374
CTGAN,AnonymizedFaker,0,3.4722222222222223,12.1,7,0.525136545856306
CTGAN,Identifiers excluded,0,3.4722222222222223,12.1,7,0.525136545856306
TVAE,Identifiers retained,0,12.5,88.8,5,0.9006074029068959
TVAE,AnonymizedFaker,0,11.805555555555555,89.9,5,0.9023939282717295
TVAE,Identifiers excluded,0,11.805555555555555,89.9,5,0.9023939282717295
GaussianCopula,Identifiers retained,1,0.6944444444444446,16.2,6,0.5165634053527447
GaussianCopula,AnonymizedFaker,1,4.861111111111111,15.7,2,0.522580474194894
GaussianCopula,Identifiers excluded,1,4.861111111111111,15.7,2,0.522580474194894
CopulaGAN,Identifiers retained,1,2.083333333333333,13.100000000000001,3,0.4989198368449545
CopulaGAN,AnonymizedFaker,1,-1.3888888888888886,11.0,5,0.4871421246783893
CopulaGAN,Identifiers excluded,1,-1.3888888888888886,11.0,5,0.4871421246783893
CTGAN,Identifiers retained,1,-6.25,14.6,3,0.5212480363615205
CTGAN,AnonymizedFaker,1,4.166666666666667,27.6,5,0.5424285083125912
CTGAN,Identifiers excluded,1,4.166666666666667,27.6,5,0.5424285083125912
TVAE,Identifiers retained,1,5.555555555555555,90.0,2,0.8772123585540671
TVAE,AnonymizedFaker,1,12.5,90.9,6,0.9145733872108602
TVAE,Identifiers excluded,1,12.5,90.9,6,0.9145733872108602
GaussianCopula,Identifiers retained,2,2.7777777777777777,17.299999999999997,3,0.5174089842369214
GaussianCopula,AnonymizedFaker,2,4.166666666666666,16.2,2,0.5145639669030365
GaussianCopula,Identifiers excluded,2,4.166666666666666,16.2,2,0.5145639669030365
CopulaGAN,Identifiers retained,2,2.083333333333333,15.0,2,0.4638046017301789
CopulaGAN,AnonymizedFaker,2,0.6944444444444444,10.0,2,0.5095794974541985
CopulaGAN,Identifiers excluded,2,0.6944444444444444,10.0,2,0.5095794974541985
CTGAN,Identifiers retained,2,2.083333333333333,12.3,5,0.5260223130687257
CTGAN,AnonymizedFaker,2,2.220446049250313e-16,17.0,6,0.5384593371314756
CTGAN,Identifiers excluded,2,2.220446049250313e-16,17.0,6,0.5384593371314756
TVAE,Identifiers retained,2,11.11111111111111,87.5,7,0.8922722741502517
TVAE,AnonymizedFaker,2,11.11111111111111,89.2,5,0.8956156308429178
TVAE,Identifiers excluded,2,11.11111111111111,89.2,5,0.8956156308429178
GaussianCopula,Identifiers retained,3,2.7777777777777777,16.1,4,0.5407122839749636
GaussianCopula,AnonymizedFaker,3,2.083333333333334,16.8,5,0.530082693845352
GaussianCopula,Identifiers excluded,3,2.083333333333334,16.8,5,0.530082693845352
CopulaGAN,Identifiers retained,3,-2.0833333333333335,16.8,7,0.45712176629569934
CopulaGAN,AnonymizedFaker,3,-2.7777777777777786,17.7,5,0.5099004199382631
CopulaGAN,Identifiers excluded,3,-2.7777777777777786,17.7,5,0.5099004199382631
CTGAN,Identifiers retained,3,-6.944444444444445,14.2,5,0.5098823071514337
CTGAN,AnonymizedFaker,3,-1.388888888888889,13.4,3,0.5132528340509076
CTGAN,Identifiers excluded,3,-1.388888888888889,13.4,3,0.5132528340509076
TVAE,Identifiers retained,3,9.027777777777777,91.5,5,0.9055807084927394
TVAE,AnonymizedFaker,3,11.805555555555555,90.10000000000001,4,0.9068445910507803
TVAE,Identifiers excluded,3,11.805555555555555,90.10000000000001,4,0.9068445910507803
GaussianCopula,Identifiers retained,4,-0.6944444444444444,16.0,4,0.5293575410518625
GaussianCopula,AnonymizedFaker,4,-0.6944444444444444,17.1,5,0.5536937694387061
GaussianCopula,Identifiers excluded,4,-0.6944444444444444,17.1,5,0.5536937694387061
CopulaGAN,Identifiers retained,4,-3.472222222222222,10.7,5,0.3182360224928202
CopulaGAN,AnonymizedFaker,4,-13.194444444444443,16.5,8,0.49651181241196163
CopulaGAN,Identifiers excluded,4,-13.194444444444443,16.5,8,0.49651181241196163
CTGAN,Identifiers retained,4,0.6944444444444444,16.6,3,0.5285774684615576
CTGAN,AnonymizedFaker,4,-0.6944444444444446,14.2,6,0.5289267760530497
CTGAN,Identifiers excluded,4,-0.6944444444444446,14.2,6,0.5289267760530497
TVAE,Identifiers retained,4,9.722222222222221,90.7,3,0.8908709102624043
TVAE,AnonymizedFaker,4,15.277777777777777,89.4,6,0.8981449733070977
TVAE,Identifiers excluded,4,15.277777777777777,89.4,6,0.8981449733070977
GaussianCopula,Identifiers retained,5,2.083333333333333,15.6,4,0.5258372314079728
GaussianCopula,AnonymizedFaker,5,3.4722222222222223,16.7,4,0.5278815705335715
GaussianCopula,Identifiers excluded,5,3.4722222222222223,16.7,4,0.5278815705335715
CopulaGAN,Identifiers retained,5,-5.555555555555555,13.5,7,0.47214622951010754
CopulaGAN,AnonymizedFaker,5,-2.7777777777777777,34.1,1,0.4786736608888864
CopulaGAN,Identifiers excluded,5,-2.7777777777777777,34.1,1,0.4786736608888864
CTGAN,Identifiers retained,5,3.4722222222222223,18.4,3,0.532491753126317
CTGAN,AnonymizedFaker,5,-2.7777777777777772,23.200000000000003,7,0.5364710520002258
CTGAN,Identifiers excluded,5,-2.7777777777777772,23.200000000000003,7,0.5364710520002258
TVAE,Identifiers retained,5,11.805555555555555,88.6,5,0.9098427890698403
TVAE,AnonymizedFaker,5,9.027777777777779,90.0,5,0.8936862204683387
TVAE,Identifiers excluded,5,9.027777777777779,90.0,5,0.8936862204683387
GaussianCopula,Identifiers retained,6,3.4722222222222223,17.7,3,0.5329291593508207
GaussianCopula,AnonymizedFaker,6,1.3888888888888888,15.2,5,0.5282228244947315
GaussianCopula,Identifiers excluded,6,1.3888888888888888,15.2,5,0.5282228244947315
CopulaGAN,Identifiers retained,6,2.0833333333333335,29.599999999999998,2,0.5088709893019788
CopulaGAN,AnonymizedFaker,6,-0.6944444444444444,16.8,4,0.521293623533357
CopulaGAN,Identifiers excluded,6,-0.6944444444444444,16.8,4,0.521293623533357
CTGAN,Identifiers retained,6,-3.4722222222222228,19.3,4,0.5370626559884045
CTGAN,AnonymizedFaker,6,-4.440892098500626e-16,14.799999999999999,3,0.5376790317197784
CTGAN,Identifiers excluded,6,-4.440892098500626e-16,14.799999999999999,3,0.5376790317197784
TVAE,Identifiers retained,6,9.027777777777779,88.6,5,0.9078680870532234
TVAE,AnonymizedFaker,6,11.11111111111111,87.0,6,0.8925099533023151
TVAE,Identifiers excluded,6,11.11111111111111,87.0,6,0.8925099533023151
GaussianCopula,Identifiers retained,7,2.7777777777777777,16.0,4,0.5345772801862176
GaussianCopula,AnonymizedFaker,7,2.7777777777777777,18.0,5,0.5231320072032868
GaussianCopula,Identifiers excluded,7,2.7777777777777777,18.0,5,0.5231320072032868
CopulaGAN,Identifiers retained,7,-9.722222222222221,14.000000000000002,11,0.5301616381628487
CopulaGAN,AnonymizedFaker,7,0.6944444444444444,16.900000000000002,3,0.49687285301196465
CopulaGAN,Identifiers excluded,7,0.6944444444444444,16.900000000000002,3,0.4968788288429419
CTGAN,Identifiers retained,7,-6.25,23.200000000000003,3,0.5440866154699519
CTGAN,AnonymizedFaker,7,1.3888888888888888,14.399999999999999,2,0.5283558155496202
CTGAN,Identifiers excluded,7,1.3888888888888888,14.399999999999999,2,0.5283558155496202
TVAE,Identifiers retained,7,15.277777777777779,89.60000000000001,6,0.9125450763702186
TVAE,AnonymizedFaker,7,11.805555555555555,88.8,4,0.8955481841462282
TVAE,Identifiers excluded,7,11.805555555555555,88.8,4,0.8955481841462282
GaussianCopula,Identifiers retained,8,2.7777777777777777,16.400000000000002,5,0.5455092617825984
GaussianCopula,AnonymizedFaker,8,0.6944444444444446,18.7,5,0.5260920966262652
GaussianCopula,Identifiers excluded,8,0.6944444444444446,18.7,5,0.5260920966262652
CopulaGAN,Identifiers retained,8,-5.555555555555555,15.6,4,0.5096306518491824
CopulaGAN,AnonymizedFaker,8,-3.4722222222222223,15.9,6,0.5053490338566112
CopulaGAN,Identifiers excluded,8,-3.4722222222222223,15.9,6,0.5053471106841168
CTGAN,Identifiers retained,8,-2.083333333333333,14.399999999999999,4,0.5223179078431419
CTGAN,AnonymizedFaker,8,-6.25,17.0,7,0.5333762162584587
CTGAN,Identifiers excluded,8,-6.25,17.0,7,0.5333762162584587
TVAE,Identifiers retained,8,9.722222222222221,88.4,4,0.8982645484142396
TVAE,AnonymizedFaker,8,12.5,87.0,5,0.8923570019591501
TVAE,Identifiers excluded,8,12.5,87.0,5,0.8923570019591501
GaussianCopula,Identifiers retained,9,0.6944444444444446,16.6,3,0.5207514780973577
GaussianCopula,AnonymizedFaker,9,-2.083333333333333,15.7,5,0.5445714368246927
GaussianCopula,Identifiers excluded,9,-2.083333333333333,15.7,5,0.5445714368246927
CopulaGAN,Identifiers retained,9,-2.0833333333333335,13.900000000000002,5,0.5258244702638917
CopulaGAN,AnonymizedFaker,9,-2.0833333333333335,23.5,4,0.5187959770772466
CopulaGAN,Identifiers excluded,9,-2.0833333333333335,23.5,4,0.5187959770772466
CTGAN,Identifiers retained,9,-2.083333333333333,20.200000000000003,9,0.5449612563197361
CTGAN,AnonymizedFaker,9,-2.7777777777777777,13.0,4,0.5324086645908429
CTGAN,Identifiers excluded,9,-2.7777777777777777,13.0,4,0.5324086645908429
TVAE,Identifiers retained,9,14.583333333333332,89.0,4,0.8859569108373339
TVAE,AnonymizedFaker,9,10.416666666666666,88.4,5,0.8893049675684278
TVAE,Identifiers excluded,9,10.416666666666666,88.4,5,0.8893049675684278
