Model,Version,Seed,Exact_MRN,Exact_Initials,Chance_Initials,Exact_Date of Birth,Chance_Date of Birth,Exact_Date of Sx,Chance_Date of Sx
GaussianCopula,Identifiers retained,0,0,0,0.0,1,1.0,3,2.4565217391304346
GaussianCopula,AnonymizedFaker,0,0,16,13.90409953271813,1,0.21739130434782608,1,0.7391304347826086
CopulaGAN,Identifiers retained,0,0,0,0.0,2,0.6739130434782609,3,2.8043478260869565
CopulaGAN,AnonymizedFaker,0,0,16,13.90409953271813,1,0.21739130434782608,1,0.7391304347826086
CTGAN,Identifiers retained,0,0,0,0.0,3,0.41304347826086957,3,0.7608695652173914
CTGAN,AnonymizedFaker,0,0,16,13.90409953271813,1,0.21739130434782608,1,0.7391304347826086
TVAE,Identifiers retained,0,0,0,0.0,2,0.7391304347826086,2,1.7173913043478262
TVAE,AnonymizedFaker,0,0,16,13.90409953271813,1,0.21739130434782608,1,0.7391304347826086
GaussianCopula,Identifiers retained,1,0,0,0.0,1,1.0,2,2.239130434782609
GaussianCopula,AnonymizedFaker,1,0,12,13.877309360208075,0,0.1956521739130435,2,0.782608695652174
CopulaGAN,Identifiers retained,1,0,0,0.0,2,0.45652173913043476,5,3.0869565217391304
CopulaGAN,AnonymizedFaker,1,0,12,13.877309360208075,0,0.1956521739130435,2,0.782608695652174
CTGAN,Identifiers retained,1,0,0,0.0,2,0.391304347826087,5,1.0869565217391304
CTGAN,AnonymizedFaker,1,0,12,13.877309360208075,0,0.1956521739130435,2,0.782608695652174
TVAE,Identifiers retained,1,0,0,0.0,0,0.9347826086956522,5,1.7608695652173914
TVAE,AnonymizedFaker,1,0,12,13.877309360208075,0,0.1956521739130435,2,0.782608695652174
GaussianCopula,Identifiers retained,2,0,0,0.0,0,0.8260869565217391,1,2.3043478260869565
GaussianCopula,AnonymizedFaker,2,0,11,13.877564991625157,0,0.21739130434782608,1,0.8478260869565217
CopulaGAN,Identifiers retained,2,0,0,0.0,2,0.6086956521739131,3,3.4347826086956523
CopulaGAN,AnonymizedFaker,2,0,11,13.877564991625157,0,0.21739130434782608,1,0.8478260869565217
CTGAN,Identifiers retained,2,0,0,0.0,2,0.43478260869565216,2,0.9565217391304348
CTGAN,AnonymizedFaker,2,0,11,13.877564991625157,0,0.21739130434782608,1,0.8478260869565217
TVAE,Identifiers retained,2,0,0,0.0,2,0.9782608695652174,4,1.7173913043478262
TVAE,AnonymizedFaker,2,0,11,13.877564991625157,0,0.21739130434782608,1,0.8478260869565217
GaussianCopula,Identifiers retained,3,0,0,0.0,0,1.0,1,2.347826086956522
GaussianCopula,AnonymizedFaker,3,0,15,13.90409953271813,0,0.21739130434782608,0,0.8260869565217391
CopulaGAN,Identifiers retained,3,0,0,0.0,2,0.391304347826087,5,3.0217391304347827
CopulaGAN,AnonymizedFaker,3,0,15,13.90409953271813,0,0.21739130434782608,0,0.8260869565217391
CTGAN,Identifiers retained,3,0,0,0.0,3,0.5434782608695652,3,0.9347826086956522
CTGAN,AnonymizedFaker,3,0,15,13.90409953271813,0,0.21739130434782608,0,0.8260869565217391
TVAE,Identifiers retained,3,0,0,0.0,0,0.9130434782608695,4,1.8478260869565217
TVAE,AnonymizedFaker,3,0,15,13.90409953271813,0,0.21739130434782608,0,0.8260869565217391
GaussianCopula,Identifiers retained,4,0,0,0.0,0,1.2826086956521738,3,2.739130434782609
GaussianCopula,AnonymizedFaker,4,0,11,13.90409953271813,1,0.2826086956521739,2,0.8695652173913043
CopulaGAN,Identifiers retained,4,0,0,0.0,3,0.5,6,2.8043478260869565
CopulaGAN,AnonymizedFaker,4,0,11,13.90409953271813,1,0.2826086956521739,2,0.8695652173913043
CTGAN,Identifiers retained,4,0,0,0.0,2,0.4782608695652174,4,0.8695652173913043
CTGAN,AnonymizedFaker,4,0,11,13.90409953271813,1,0.2826086956521739,2,0.8695652173913043
TVAE,Identifiers retained,4,0,0,0.0,2,0.9130434782608695,5,1.826086956521739
TVAE,AnonymizedFaker,4,0,11,13.90409953271813,1,0.2826086956521739,2,0.8695652173913043
GaussianCopula,Identifiers retained,5,0,0,0.0,2,1.1521739130434783,3,2.282608695652174
GaussianCopula,AnonymizedFaker,5,0,15,13.876783030689214,0,0.17391304347826086,1,0.8695652173913043
CopulaGAN,Identifiers retained,5,0,0,0.0,3,0.5434782608695652,4,2.717391304347826
CopulaGAN,AnonymizedFaker,5,0,15,13.90409953271813,0,0.17391304347826086,1,0.8695652173913043
CTGAN,Identifiers retained,5,0,0,0.0,3,0.391304347826087,2,1.173913043478261
CTGAN,AnonymizedFaker,5,0,15,13.90409953271813,0,0.17391304347826086,1,0.8695652173913043
TVAE,Identifiers retained,5,0,0,0.0,1,1.0,3,2.0869565217391304
TVAE,AnonymizedFaker,5,0,15,13.90409953271813,0,0.17391304347826086,1,0.8695652173913043
GaussianCopula,Identifiers retained,6,0,0,0.0,1,1.0,1,2.0
GaussianCopula,AnonymizedFaker,6,0,12,13.90409953271813,0,0.17391304347826086,2,0.9347826086956522
CopulaGAN,Identifiers retained,6,0,0,0.0,3,0.5652173913043478,2,2.5434782608695654
CopulaGAN,AnonymizedFaker,6,0,12,13.90409953271813,0,0.17391304347826086,2,0.9347826086956522
CTGAN,Identifiers retained,6,0,0,0.0,3,0.391304347826087,3,1.0869565217391304
CTGAN,AnonymizedFaker,6,0,12,13.90409953271813,0,0.17391304347826086,2,0.9347826086956522
TVAE,Identifiers retained,6,0,0,0.0,0,0.8260869565217391,4,1.891304347826087
TVAE,AnonymizedFaker,6,0,12,13.90409953271813,0,0.17391304347826086,2,0.9347826086956522
GaussianCopula,Identifiers retained,7,0,0,0.0,1,1.0434782608695652,2,1.9782608695652173
GaussianCopula,AnonymizedFaker,7,0,13,13.87694308831829,0,0.17391304347826086,0,0.9347826086956522
CopulaGAN,Identifiers retained,7,0,0,0.0,2,0.34782608695652173,4,3.1739130434782608
CopulaGAN,AnonymizedFaker,7,0,13,13.90409953271813,0,0.17391304347826086,0,0.9347826086956522
CTGAN,Identifiers retained,7,0,0,0.0,4,0.2608695652173913,2,1.391304347826087
CTGAN,AnonymizedFaker,7,0,13,13.90409953271813,0,0.17391304347826086,0,0.9347826086956522
TVAE,Identifiers retained,7,0,0,0.0,3,0.9130434782608695,3,1.6521739130434783
TVAE,AnonymizedFaker,7,0,13,13.90409953271813,0,0.17391304347826086,0,0.9347826086956522
GaussianCopula,Identifiers retained,8,0,0,0.0,1,0.9347826086956522,5,2.3043478260869565
GaussianCopula,AnonymizedFaker,8,0,15,13.877815790690308,1,0.08695652173913043,0,0.9347826086956522
CopulaGAN,Identifiers retained,8,0,0,0.0,2,0.5,3,3.239130434782609
CopulaGAN,AnonymizedFaker,8,0,15,13.90409953271813,1,0.08695652173913043,0,0.9347826086956522
CTGAN,Identifiers retained,8,0,0,0.0,2,0.6086956521739131,3,1.2173913043478262
CTGAN,AnonymizedFaker,8,0,15,13.90409953271813,1,0.08695652173913043,0,0.9347826086956522
TVAE,Identifiers retained,8,0,0,0.0,0,0.717391304347826,3,1.7391304347826086
TVAE,AnonymizedFaker,8,0,15,13.90409953271813,1,0.08695652173913043,0,0.9347826086956522
GaussianCopula,Identifiers retained,9,0,0,0.0,1,0.8913043478260869,3,2.391304347826087
GaussianCopula,AnonymizedFaker,9,0,14,13.877360879770595,0,0.30434782608695654,4,1.1304347826086956
CopulaGAN,Identifiers retained,9,0,0,0.0,2,0.6521739130434783,3,3.1739130434782608
CopulaGAN,AnonymizedFaker,9,0,14,13.90409953271813,0,0.30434782608695654,4,1.1304347826086956
CTGAN,Identifiers retained,9,0,0,0.0,2,0.5,4,1.391304347826087
CTGAN,AnonymizedFaker,9,0,14,13.90409953271813,0,0.30434782608695654,4,1.1304347826086956
TVAE,Identifiers retained,9,0,0,0.0,0,0.9347826086956522,5,2.0217391304347827
TVAE,AnonymizedFaker,9,0,14,13.90409953271813,0,0.30434782608695654,4,1.1304347826086956
