Source,Target,Median_correct_of_18,Median_run_CI95,Mean_success_pct,SD_pct,Range_correct,Prior_correct_of_18,Mean_lift_pp
CTGAN,Death (Y/N),15,58.6-96.4%,81.11111111111111,5.367176572662754,12-15,15.0,-2.2222222222222223
CTGAN,Discharge dispo,11,35.7-82.7%,62.77777777777778,5.885277252618779,9-13,11.0,1.6666666666666665
CTGAN,"EOR (GTR, NTR, STR, biopsy)",10,30.8-78.5%,52.22222222222222,10.540925533894598,7-12,9.4,-3.552713678800501e-16
CTGAN,Overall Survival (yrs),1,0.1-27.3%,9.444444444444445,7.878536068956535,0-5,3.5,-9.999999999999998
CTGAN,PFS (After Sx; Months),1,0.1-27.3%,13.88888888888889,11.78511301977579,0-6,3.1,-3.333333333333333
CTGAN,Postop complication,12,41.0-86.7%,68.88888888888889,5.367176572662754,11-14,11.4,5.555555555555555
CTGAN,Radiotherapy (Y/N),12,41.0-86.7%,64.44444444444444,9.514987095307502,9-15,10.8,4.444444444444445
CTGAN,Recurrence,17,72.7-99.9%,94.44444444444444,0.0,17-17,17.0,0.0
CopulaGAN,Death (Y/N),15,58.6-96.4%,82.22222222222223,6.307180135528296,12-16,15.0,-1.111111111111111
CopulaGAN,Discharge dispo,10,30.8-78.5%,58.888888888888886,4.684855792842043,10-12,11.0,-2.2222222222222223
CopulaGAN,"EOR (GTR, NTR, STR, biopsy)",10,30.8-78.5%,52.77777777777778,7.965115988002432,7-11,10.0,-2.7777777777777777
CopulaGAN,Overall Survival (yrs),0,0.0-18.5%,4.444444444444445,8.198497637473578,0-4,2.0,-6.666666666666667
CopulaGAN,PFS (After Sx; Months),2,1.4-34.7%,13.88888888888889,12.072597046671572,0-7,3.8,-7.222222222222223
CopulaGAN,Postop complication,12,41.0-86.7%,67.77777777777777,5.7377531054924695,10-13,12.0,1.111111111111111
CopulaGAN,Radiotherapy (Y/N),11,35.7-82.7%,60.55555555555556,7.61289066336832,8-12,12.0,-6.111111111111112
CopulaGAN,Recurrence,17,72.7-99.9%,93.33333333333333,2.3424278964210217,16-17,17.0,-1.1111111111111112
GaussianCopula,Death (Y/N),15,58.6-96.4%,86.66666666666667,6.5210432820959285,14-17,15.0,3.3333333333333335
GaussianCopula,Discharge dispo,10,30.8-78.5%,56.66666666666666,8.99626503814157,8-13,11.0,-4.444444444444445
GaussianCopula,"EOR (GTR, NTR, STR, biopsy)",10,30.8-78.5%,53.333333333333336,5.972042776517444,8-11,10.0,-2.2222222222222223
GaussianCopula,Overall Survival (yrs),0,0.0-18.5%,1.1111111111111112,2.342427896421022,0-1,0.8,-3.3333333333333335
GaussianCopula,PFS (After Sx; Months),1,0.1-27.3%,8.88888888888889,5.367176572662754,0-3,0.0,8.88888888888889
GaussianCopula,Postop complication,14,52.4-93.6%,80.0,4.684855792842043,13-16,12.0,13.333333333333334
GaussianCopula,Radiotherapy (Y/N),12,41.0-86.7%,66.11111111111111,8.466021815305526,9-14,12.0,-0.5555555555555559
GaussianCopula,Recurrence,17,72.7-99.9%,94.44444444444444,0.0,17-17,17.0,0.0
Independent baseline,Death (Y/N),15,58.6-96.4%,83.33333333333333,0.0,15-15,15.0,0.0
Independent baseline,Discharge dispo,11,35.7-82.7%,59.44444444444444,2.683588286331377,10-11,11.0,-1.6666666666666665
Independent baseline,"EOR (GTR, NTR, STR, biopsy)",10,30.8-78.5%,56.66666666666666,5.7377531054924695,8-12,10.0,1.111111111111111
Independent baseline,Overall Survival (yrs),1,0.1-27.3%,5.0,4.099248818736788,0-2,3.2,-12.777777777777779
Independent baseline,PFS (After Sx; Months),2,1.4-34.7%,11.11111111111111,5.237828008789241,1-4,4.0,-11.11111111111111
Independent baseline,Postop complication,13,46.5-90.3%,70.55555555555556,7.430519499162547,10-15,12.0,3.8888888888888884
Independent baseline,Radiotherapy (Y/N),12,41.0-86.7%,64.44444444444444,5.367176572662754,9-12,12.0,-2.2222222222222223
Independent baseline,Recurrence,17,72.7-99.9%,94.44444444444444,0.0,17-17,17.0,0.0
TVAE,Death (Y/N),16,65.3-98.6%,90.0,2.3424278964210217,16-17,15.0,6.666666666666666
TVAE,Discharge dispo,16,65.3-98.6%,87.77777777777777,3.5136418446315325,15-17,11.0,26.666666666666668
TVAE,"EOR (GTR, NTR, STR, biopsy)",13,46.5-90.3%,70.55555555555556,3.7497142095030713,12-14,10.0,15.0
TVAE,Overall Survival (yrs),1,0.1-27.3%,7.777777777777778,4.684855792842043,0-3,1.2,1.1111111111111112
TVAE,PFS (After Sx; Months),6,13.3-59.0%,35.55555555555556,7.943559477602673,5-9,4.5,10.555555555555555
TVAE,Postop complication,15,58.6-96.4%,85.55555555555556,4.684855792842043,14-17,12.0,18.888888888888886
TVAE,Radiotherapy (Y/N),14,52.4-93.6%,81.66666666666667,4.573736679714248,14-16,12.0,15.0
TVAE,Recurrence,17,72.7-99.9%,94.44444444444444,0.0,17-17,17.0,0.0
