Source,Metric,Mean,SD,CI95_low,CI95_high
CTGAN,Mean_success_pct,55.90277777777777,3.1099603802186113,53.975204363840454,57.83035119171509
CTGAN,Mean_lift_pp,-0.48611111111111116,3.089215554713563,-2.400826748989723,1.4286045267675007
CopulaGAN,Mean_success_pct,54.23611111111111,3.248172695122417,52.222872816880816,56.2493494053414
CopulaGAN,Mean_lift_pp,-3.2638888888888893,4.231111702782924,-5.886359091904826,-0.6414186858729534
GaussianCopula,Mean_success_pct,55.902777777777786,2.0768933385331434,54.61550595000659,57.19004960554898
GaussianCopula,Mean_lift_pp,1.875,2.1479186499374157,0.5437062281390015,3.2062937718609987
Independent baseline,Mean_success_pct,55.625000000000014,1.3675051377538814,54.77741153433224,56.47258846566779
Independent baseline,Mean_lift_pp,-2.8472222222222223,1.5852679322466603,-3.8297814662571095,-1.8646629781873352
TVAE,Mean_success_pct,69.16666666666666,1.6104191787894517,68.16851851851851,70.1648148148148
TVAE,Mean_lift_pp,11.736111111111112,1.6187160867636194,10.732820486122868,12.739401736099357
