Source,Seed,Attacker,Target,Correct,Prior_correct,Lift_pp
GaussianCopula,0,kNN,Death (Y/N),14,15,-5.555555555555555
GaussianCopula,0,Naive Bayes,Death (Y/N),6,15,-50.0
GaussianCopula,0,Random Forest,Death (Y/N),14,15,-5.555555555555555
GaussianCopula,0,kNN,Recurrence,17,17,0.0
GaussianCopula,0,Naive Bayes,Recurrence,7,17,-55.55555555555556
GaussianCopula,0,Random Forest,Recurrence,17,17,0.0
GaussianCopula,0,kNN,Postop complication,13,12,5.555555555555555
GaussianCopula,0,Naive Bayes,Postop complication,13,12,5.555555555555555
GaussianCopula,0,Random Forest,Postop complication,15,12,16.666666666666668
GaussianCopula,0,kNN,"EOR (GTR, NTR, STR, biopsy)",9,10,-5.555555555555555
GaussianCopula,0,Naive Bayes,"EOR (GTR, NTR, STR, biopsy)",8,10,-11.11111111111111
GaussianCopula,0,Random Forest,"EOR (GTR, NTR, STR, biopsy)",9,10,-5.555555555555555
GaussianCopula,0,kNN,Radiotherapy (Y/N),11,12,-5.555555555555555
GaussianCopula,0,Naive Bayes,Radiotherapy (Y/N),10,12,-11.11111111111111
GaussianCopula,0,Random Forest,Radiotherapy (Y/N),11,12,-5.555555555555555
GaussianCopula,0,kNN,Discharge dispo,10,11,-5.555555555555555
GaussianCopula,0,Naive Bayes,Discharge dispo,6,11,-27.77777777777778
GaussianCopula,0,Random Forest,Discharge dispo,10,11,-5.555555555555555
GaussianCopula,0,kNN,Overall Survival (yrs),0,0,0.0
GaussianCopula,0,Random Forest,Overall Survival (yrs),0,0,0.0
GaussianCopula,0,kNN,PFS (After Sx; Months),0,0,0.0
GaussianCopula,0,Random Forest,PFS (After Sx; Months),1,0,5.555555555555555
CopulaGAN,0,kNN,Death (Y/N),15,15,0.0
CopulaGAN,0,Naive Bayes,Death (Y/N),13,15,-11.11111111111111
CopulaGAN,0,Random Forest,Death (Y/N),14,15,-5.555555555555555
CopulaGAN,0,kNN,Recurrence,17,17,0.0
CopulaGAN,0,Naive Bayes,Recurrence,17,17,0.0
CopulaGAN,0,Random Forest,Recurrence,17,17,0.0
CopulaGAN,0,kNN,Postop complication,11,12,-5.555555555555555
CopulaGAN,0,Naive Bayes,Postop complication,11,12,-5.555555555555555
CopulaGAN,0,Random Forest,Postop complication,12,12,0.0
CopulaGAN,0,kNN,"EOR (GTR, NTR, STR, biopsy)",10,10,0.0
CopulaGAN,0,Naive Bayes,"EOR (GTR, NTR, STR, biopsy)",9,10,-5.555555555555555
CopulaGAN,0,Random Forest,"EOR (GTR, NTR, STR, biopsy)",9,10,-5.555555555555555
CopulaGAN,0,kNN,Radiotherapy (Y/N),9,12,-16.666666666666668
CopulaGAN,0,Naive Bayes,Radiotherapy (Y/N),8,12,-22.22222222222222
CopulaGAN,0,Random Forest,Radiotherapy (Y/N),8,12,-22.22222222222222
CopulaGAN,0,kNN,Discharge dispo,11,11,0.0
CopulaGAN,0,Naive Bayes,Discharge dispo,10,11,-5.555555555555555
CopulaGAN,0,Random Forest,Discharge dispo,11,11,0.0
CopulaGAN,0,kNN,Overall Survival (yrs),2,6,-22.22222222222222
CopulaGAN,0,Random Forest,Overall Survival (yrs),1,6,-27.77777777777778
CopulaGAN,0,kNN,PFS (After Sx; Months),2,2,0.0
CopulaGAN,0,Random Forest,PFS (After Sx; Months),1,2,-5.555555555555555
CTGAN,0,kNN,Death (Y/N),15,15,0.0
CTGAN,0,Naive Bayes,Death (Y/N),15,15,0.0
CTGAN,0,Random Forest,Death (Y/N),15,15,0.0
CTGAN,0,kNN,Recurrence,17,17,0.0
CTGAN,0,Naive Bayes,Recurrence,14,17,-16.666666666666668
CTGAN,0,Random Forest,Recurrence,17,17,0.0
CTGAN,0,kNN,Postop complication,12,12,0.0
CTGAN,0,Naive Bayes,Postop complication,11,12,-5.555555555555555
CTGAN,0,Random Forest,Postop complication,12,12,0.0
CTGAN,0,kNN,"EOR (GTR, NTR, STR, biopsy)",9,10,-5.555555555555555
CTGAN,0,Naive Bayes,"EOR (GTR, NTR, STR, biopsy)",7,10,-16.666666666666668
CTGAN,0,Random Forest,"EOR (GTR, NTR, STR, biopsy)",7,10,-16.666666666666668
CTGAN,0,kNN,Radiotherapy (Y/N),10,12,-11.11111111111111
CTGAN,0,Naive Bayes,Radiotherapy (Y/N),8,12,-22.22222222222222
CTGAN,0,Random Forest,Radiotherapy (Y/N),12,12,0.0
CTGAN,0,kNN,Discharge dispo,8,11,-16.666666666666668
CTGAN,0,Naive Bayes,Discharge dispo,10,11,-5.555555555555555
CTGAN,0,Random Forest,Discharge dispo,11,11,0.0
CTGAN,0,kNN,Overall Survival (yrs),3,6,-16.666666666666668
CTGAN,0,Random Forest,Overall Survival (yrs),3,6,-16.666666666666668
CTGAN,0,kNN,PFS (After Sx; Months),0,0,0.0
CTGAN,0,Random Forest,PFS (After Sx; Months),0,0,0.0
TVAE,0,kNN,Death (Y/N),16,15,5.555555555555555
TVAE,0,Naive Bayes,Death (Y/N),16,15,5.555555555555555
TVAE,0,Random Forest,Death (Y/N),15,15,0.0
TVAE,0,kNN,Recurrence,17,17,0.0
TVAE,0,Naive Bayes,Recurrence,7,17,-55.55555555555556
TVAE,0,Random Forest,Recurrence,17,17,0.0
TVAE,0,kNN,Postop complication,15,12,16.666666666666668
TVAE,0,Naive Bayes,Postop complication,13,12,5.555555555555555
TVAE,0,Random Forest,Postop complication,15,12,16.666666666666668
TVAE,0,kNN,"EOR (GTR, NTR, STR, biopsy)",14,10,22.22222222222222
TVAE,0,Naive Bayes,"EOR (GTR, NTR, STR, biopsy)",8,10,-11.11111111111111
TVAE,0,Random Forest,"EOR (GTR, NTR, STR, biopsy)",10,10,0.0
TVAE,0,kNN,Radiotherapy (Y/N),15,12,16.666666666666668
TVAE,0,Naive Bayes,Radiotherapy (Y/N),10,12,-11.11111111111111
TVAE,0,Random Forest,Radiotherapy (Y/N),13,12,5.555555555555555
TVAE,0,kNN,Discharge dispo,13,11,11.11111111111111
TVAE,0,Naive Bayes,Discharge dispo,10,11,-5.555555555555555
TVAE,0,Random Forest,Discharge dispo,16,11,27.77777777777778
TVAE,0,kNN,Overall Survival (yrs),1,1,0.0
TVAE,0,Random Forest,Overall Survival (yrs),1,1,0.0
TVAE,0,kNN,PFS (After Sx; Months),4,4,0.0
TVAE,0,Random Forest,PFS (After Sx; Months),6,4,11.11111111111111
GaussianCopula,1,kNN,Death (Y/N),15,15,0.0
GaussianCopula,1,Naive Bayes,Death (Y/N),6,15,-50.0
GaussianCopula,1,Random Forest,Death (Y/N),15,15,0.0
GaussianCopula,1,kNN,Recurrence,17,17,0.0
GaussianCopula,1,Naive Bayes,Recurrence,11,17,-33.333333333333336
GaussianCopula,1,Random Forest,Recurrence,17,17,0.0
GaussianCopula,1,kNN,Postop complication,14,12,11.11111111111111
GaussianCopula,1,Naive Bayes,Postop complication,13,12,5.555555555555555
GaussianCopula,1,Random Forest,Postop complication,16,12,22.22222222222222
GaussianCopula,1,kNN,"EOR (GTR, NTR, STR, biopsy)",11,10,5.555555555555555
GaussianCopula,1,Naive Bayes,"EOR (GTR, NTR, STR, biopsy)",8,10,-11.11111111111111
GaussianCopula,1,Random Forest,"EOR (GTR, NTR, STR, biopsy)",9,10,-5.555555555555555
GaussianCopula,1,kNN,Radiotherapy (Y/N),8,12,-22.22222222222222
GaussianCopula,1,Naive Bayes,Radiotherapy (Y/N),9,12,-16.666666666666668
GaussianCopula,1,Random Forest,Radiotherapy (Y/N),9,12,-16.666666666666668
GaussianCopula,1,kNN,Discharge dispo,7,11,-22.22222222222222
GaussianCopula,1,Naive Bayes,Discharge dispo,8,11,-16.666666666666668
GaussianCopula,1,Random Forest,Discharge dispo,8,11,-16.666666666666668
GaussianCopula,1,kNN,Overall Survival (yrs),0,1,-5.555555555555555
GaussianCopula,1,Random Forest,Overall Survival (yrs),0,1,-5.555555555555555
GaussianCopula,1,kNN,PFS (After Sx; Months),3,0,16.666666666666668
GaussianCopula,1,Random Forest,PFS (After Sx; Months),0,0,0.0
CopulaGAN,1,kNN,Death (Y/N),14,15,-5.555555555555555
CopulaGAN,1,Naive Bayes,Death (Y/N),15,15,0.0
CopulaGAN,1,Random Forest,Death (Y/N),15,15,0.0
CopulaGAN,1,kNN,Recurrence,17,17,0.0
CopulaGAN,1,Naive Bayes,Recurrence,17,17,0.0
CopulaGAN,1,Random Forest,Recurrence,17,17,0.0
CopulaGAN,1,kNN,Postop complication,10,12,-11.11111111111111
CopulaGAN,1,Naive Bayes,Postop complication,11,12,-5.555555555555555
CopulaGAN,1,Random Forest,Postop complication,9,12,-16.666666666666668
CopulaGAN,1,kNN,"EOR (GTR, NTR, STR, biopsy)",11,10,5.555555555555555
CopulaGAN,1,Naive Bayes,"EOR (GTR, NTR, STR, biopsy)",9,10,-5.555555555555555
CopulaGAN,1,Random Forest,"EOR (GTR, NTR, STR, biopsy)",9,10,-5.555555555555555
CopulaGAN,1,kNN,Radiotherapy (Y/N),11,12,-5.555555555555555
CopulaGAN,1,Naive Bayes,Radiotherapy (Y/N),9,12,-16.666666666666668
CopulaGAN,1,Random Forest,Radiotherapy (Y/N),11,12,-5.555555555555555
CopulaGAN,1,kNN,Discharge dispo,11,11,0.0
CopulaGAN,1,Naive Bayes,Discharge dispo,10,11,-5.555555555555555
CopulaGAN,1,Random Forest,Discharge dispo,9,11,-11.11111111111111
CopulaGAN,1,kNN,Overall Survival (yrs),2,0,11.11111111111111
CopulaGAN,1,Random Forest,Overall Survival (yrs),0,0,0.0
CopulaGAN,1,kNN,PFS (After Sx; Months),2,0,11.11111111111111
CopulaGAN,1,Random Forest,PFS (After Sx; Months),2,0,11.11111111111111
CTGAN,1,kNN,Death (Y/N),14,15,-5.555555555555555
CTGAN,1,Naive Bayes,Death (Y/N),15,15,0.0
CTGAN,1,Random Forest,Death (Y/N),15,15,0.0
CTGAN,1,kNN,Recurrence,17,17,0.0
CTGAN,1,Naive Bayes,Recurrence,17,17,0.0
CTGAN,1,Random Forest,Recurrence,17,17,0.0
CTGAN,1,kNN,Postop complication,13,12,5.555555555555555
CTGAN,1,Naive Bayes,Postop complication,8,12,-22.22222222222222
CTGAN,1,Random Forest,Postop complication,13,12,5.555555555555555
CTGAN,1,kNN,"EOR (GTR, NTR, STR, biopsy)",5,10,-27.77777777777778
CTGAN,1,Naive Bayes,"EOR (GTR, NTR, STR, biopsy)",7,10,-16.666666666666668
CTGAN,1,Random Forest,"EOR (GTR, NTR, STR, biopsy)",3,10,-38.888888888888886
CTGAN,1,kNN,Radiotherapy (Y/N),11,12,-5.555555555555555
CTGAN,1,Naive Bayes,Radiotherapy (Y/N),8,12,-22.22222222222222
CTGAN,1,Random Forest,Radiotherapy (Y/N),13,12,5.555555555555555
CTGAN,1,kNN,Discharge dispo,11,11,0.0
CTGAN,1,Naive Bayes,Discharge dispo,10,11,-5.555555555555555
CTGAN,1,Random Forest,Discharge dispo,11,11,0.0
CTGAN,1,kNN,Overall Survival (yrs),1,6,-27.77777777777778
CTGAN,1,Random Forest,Overall Survival (yrs),1,6,-27.77777777777778
CTGAN,1,kNN,PFS (After Sx; Months),4,7,-16.666666666666668
CTGAN,1,Random Forest,PFS (After Sx; Months),3,7,-22.22222222222222
TVAE,1,kNN,Death (Y/N),16,15,5.555555555555555
TVAE,1,Naive Bayes,Death (Y/N),16,15,5.555555555555555
TVAE,1,Random Forest,Death (Y/N),16,15,5.555555555555555
TVAE,1,kNN,Recurrence,17,17,0.0
TVAE,1,Naive Bayes,Recurrence,8,17,-50.0
TVAE,1,Random Forest,Recurrence,17,17,0.0
TVAE,1,kNN,Postop complication,15,12,16.666666666666668
TVAE,1,Naive Bayes,Postop complication,14,12,11.11111111111111
TVAE,1,Random Forest,Postop complication,14,12,11.11111111111111
TVAE,1,kNN,"EOR (GTR, NTR, STR, biopsy)",11,10,5.555555555555555
TVAE,1,Naive Bayes,"EOR (GTR, NTR, STR, biopsy)",7,10,-16.666666666666668
TVAE,1,Random Forest,"EOR (GTR, NTR, STR, biopsy)",11,10,5.555555555555555
TVAE,1,kNN,Radiotherapy (Y/N),11,12,-5.555555555555555
TVAE,1,Naive Bayes,Radiotherapy (Y/N),11,12,-5.555555555555555
TVAE,1,Random Forest,Radiotherapy (Y/N),10,12,-11.11111111111111
TVAE,1,kNN,Discharge dispo,15,11,22.22222222222222
TVAE,1,Naive Bayes,Discharge dispo,5,11,-33.333333333333336
TVAE,1,Random Forest,Discharge dispo,15,11,22.22222222222222
TVAE,1,kNN,Overall Survival (yrs),2,1,5.555555555555555
TVAE,1,Random Forest,Overall Survival (yrs),1,1,0.0
TVAE,1,kNN,PFS (After Sx; Months),7,8,-5.555555555555555
TVAE,1,Random Forest,PFS (After Sx; Months),6,8,-11.11111111111111
GaussianCopula,2,kNN,Death (Y/N),15,15,0.0
GaussianCopula,2,Naive Bayes,Death (Y/N),6,15,-50.0
GaussianCopula,2,Random Forest,Death (Y/N),14,15,-5.555555555555555
GaussianCopula,2,kNN,Recurrence,17,17,0.0
GaussianCopula,2,Naive Bayes,Recurrence,4,17,-72.22222222222223
GaussianCopula,2,Random Forest,Recurrence,17,17,0.0
GaussianCopula,2,kNN,Postop complication,12,12,0.0
GaussianCopula,2,Naive Bayes,Postop complication,13,12,5.555555555555555
GaussianCopula,2,Random Forest,Postop complication,12,12,0.0
GaussianCopula,2,kNN,"EOR (GTR, NTR, STR, biopsy)",11,10,5.555555555555555
GaussianCopula,2,Naive Bayes,"EOR (GTR, NTR, STR, biopsy)",9,10,-5.555555555555555
GaussianCopula,2,Random Forest,"EOR (GTR, NTR, STR, biopsy)",9,10,-5.555555555555555
GaussianCopula,2,kNN,Radiotherapy (Y/N),11,12,-5.555555555555555
GaussianCopula,2,Naive Bayes,Radiotherapy (Y/N),10,12,-11.11111111111111
GaussianCopula,2,Random Forest,Radiotherapy (Y/N),13,12,5.555555555555555
GaussianCopula,2,kNN,Discharge dispo,10,11,-5.555555555555555
GaussianCopula,2,Naive Bayes,Discharge dispo,2,11,-50.0
GaussianCopula,2,Random Forest,Discharge dispo,9,11,-11.11111111111111
GaussianCopula,2,kNN,Overall Survival (yrs),0,0,0.0
GaussianCopula,2,Random Forest,Overall Survival (yrs),0,0,0.0
GaussianCopula,2,kNN,PFS (After Sx; Months),2,0,11.11111111111111
GaussianCopula,2,Random Forest,PFS (After Sx; Months),0,0,0.0
CopulaGAN,2,kNN,Death (Y/N),13,15,-11.11111111111111
CopulaGAN,2,Naive Bayes,Death (Y/N),15,15,0.0
CopulaGAN,2,Random Forest,Death (Y/N),15,15,0.0
CopulaGAN,2,kNN,Recurrence,17,17,0.0
CopulaGAN,2,Naive Bayes,Recurrence,17,17,0.0
CopulaGAN,2,Random Forest,Recurrence,16,17,-5.555555555555555
CopulaGAN,2,kNN,Postop complication,14,12,11.11111111111111
CopulaGAN,2,Naive Bayes,Postop complication,10,12,-11.11111111111111
CopulaGAN,2,Random Forest,Postop complication,12,12,0.0
CopulaGAN,2,kNN,"EOR (GTR, NTR, STR, biopsy)",7,10,-16.666666666666668
CopulaGAN,2,Naive Bayes,"EOR (GTR, NTR, STR, biopsy)",8,10,-11.11111111111111
CopulaGAN,2,Random Forest,"EOR (GTR, NTR, STR, biopsy)",10,10,0.0
CopulaGAN,2,kNN,Radiotherapy (Y/N),14,12,11.11111111111111
CopulaGAN,2,Naive Bayes,Radiotherapy (Y/N),10,12,-11.11111111111111
CopulaGAN,2,Random Forest,Radiotherapy (Y/N),11,12,-5.555555555555555
CopulaGAN,2,kNN,Discharge dispo,9,11,-11.11111111111111
CopulaGAN,2,Naive Bayes,Discharge dispo,10,11,-5.555555555555555
CopulaGAN,2,Random Forest,Discharge dispo,10,11,-5.555555555555555
CopulaGAN,2,kNN,Overall Survival (yrs),5,6,-5.555555555555555
CopulaGAN,2,Random Forest,Overall Survival (yrs),2,6,-22.22222222222222
CopulaGAN,2,kNN,PFS (After Sx; Months),0,0,0.0
CopulaGAN,2,Random Forest,PFS (After Sx; Months),1,0,5.555555555555555
CTGAN,2,kNN,Death (Y/N),15,15,0.0
CTGAN,2,Naive Bayes,Death (Y/N),15,15,0.0
CTGAN,2,Random Forest,Death (Y/N),15,15,0.0
CTGAN,2,kNN,Recurrence,17,17,0.0
CTGAN,2,Naive Bayes,Recurrence,17,17,0.0
CTGAN,2,Random Forest,Recurrence,17,17,0.0
CTGAN,2,kNN,Postop complication,11,12,-5.555555555555555
CTGAN,2,Naive Bayes,Postop complication,11,12,-5.555555555555555
CTGAN,2,Random Forest,Postop complication,11,12,-5.555555555555555
CTGAN,2,kNN,"EOR (GTR, NTR, STR, biopsy)",8,10,-11.11111111111111
CTGAN,2,Naive Bayes,"EOR (GTR, NTR, STR, biopsy)",7,10,-16.666666666666668
CTGAN,2,Random Forest,"EOR (GTR, NTR, STR, biopsy)",10,10,0.0
CTGAN,2,kNN,Radiotherapy (Y/N),13,12,5.555555555555555
CTGAN,2,Naive Bayes,Radiotherapy (Y/N),8,12,-22.22222222222222
CTGAN,2,Random Forest,Radiotherapy (Y/N),13,12,5.555555555555555
CTGAN,2,kNN,Discharge dispo,12,11,5.555555555555555
CTGAN,2,Naive Bayes,Discharge dispo,10,11,-5.555555555555555
CTGAN,2,Random Forest,Discharge dispo,12,11,5.555555555555555
CTGAN,2,kNN,Overall Survival (yrs),0,1,-5.555555555555555
CTGAN,2,Random Forest,Overall Survival (yrs),0,1,-5.555555555555555
CTGAN,2,kNN,PFS (After Sx; Months),4,1,16.666666666666668
CTGAN,2,Random Forest,PFS (After Sx; Months),1,1,0.0
TVAE,2,kNN,Death (Y/N),16,15,5.555555555555555
TVAE,2,Naive Bayes,Death (Y/N),16,15,5.555555555555555
TVAE,2,Random Forest,Death (Y/N),15,15,0.0
TVAE,2,kNN,Recurrence,17,17,0.0
TVAE,2,Naive Bayes,Recurrence,9,17,-44.44444444444444
TVAE,2,Random Forest,Recurrence,17,17,0.0
TVAE,2,kNN,Postop complication,15,12,16.666666666666668
TVAE,2,Naive Bayes,Postop complication,14,12,11.11111111111111
TVAE,2,Random Forest,Postop complication,14,12,11.11111111111111
TVAE,2,kNN,"EOR (GTR, NTR, STR, biopsy)",10,10,0.0
TVAE,2,Naive Bayes,"EOR (GTR, NTR, STR, biopsy)",11,10,5.555555555555555
TVAE,2,Random Forest,"EOR (GTR, NTR, STR, biopsy)",13,10,16.666666666666668
TVAE,2,kNN,Radiotherapy (Y/N),14,12,11.11111111111111
TVAE,2,Naive Bayes,Radiotherapy (Y/N),10,12,-11.11111111111111
TVAE,2,Random Forest,Radiotherapy (Y/N),14,12,11.11111111111111
TVAE,2,kNN,Discharge dispo,16,11,27.77777777777778
TVAE,2,Naive Bayes,Discharge dispo,10,11,-5.555555555555555
TVAE,2,Random Forest,Discharge dispo,16,11,27.77777777777778
TVAE,2,kNN,Overall Survival (yrs),0,1,-5.555555555555555
TVAE,2,Random Forest,Overall Survival (yrs),0,1,-5.555555555555555
TVAE,2,kNN,PFS (After Sx; Months),6,4,11.11111111111111
TVAE,2,Random Forest,PFS (After Sx; Months),7,4,16.666666666666668
GaussianCopula,3,kNN,Death (Y/N),16,15,5.555555555555555
GaussianCopula,3,Naive Bayes,Death (Y/N),6,15,-50.0
GaussianCopula,3,Random Forest,Death (Y/N),15,15,0.0
GaussianCopula,3,kNN,Recurrence,17,17,0.0
GaussianCopula,3,Naive Bayes,Recurrence,9,17,-44.44444444444444
GaussianCopula,3,Random Forest,Recurrence,17,17,0.0
GaussianCopula,3,kNN,Postop complication,15,12,16.666666666666668
GaussianCopula,3,Naive Bayes,Postop complication,14,12,11.11111111111111
GaussianCopula,3,Random Forest,Postop complication,14,12,11.11111111111111
GaussianCopula,3,kNN,"EOR (GTR, NTR, STR, biopsy)",10,10,0.0
GaussianCopula,3,Naive Bayes,"EOR (GTR, NTR, STR, biopsy)",7,10,-16.666666666666668
GaussianCopula,3,Random Forest,"EOR (GTR, NTR, STR, biopsy)",9,10,-5.555555555555555
GaussianCopula,3,kNN,Radiotherapy (Y/N),11,12,-5.555555555555555
GaussianCopula,3,Naive Bayes,Radiotherapy (Y/N),9,12,-16.666666666666668
GaussianCopula,3,Random Forest,Radiotherapy (Y/N),9,12,-16.666666666666668
GaussianCopula,3,kNN,Discharge dispo,11,11,0.0
GaussianCopula,3,Naive Bayes,Discharge dispo,8,11,-16.666666666666668
GaussianCopula,3,Random Forest,Discharge dispo,11,11,0.0
GaussianCopula,3,kNN,Overall Survival (yrs),0,1,-5.555555555555555
GaussianCopula,3,Random Forest,Overall Survival (yrs),0,1,-5.555555555555555
GaussianCopula,3,kNN,PFS (After Sx; Months),2,0,11.11111111111111
GaussianCopula,3,Random Forest,PFS (After Sx; Months),2,0,11.11111111111111
CopulaGAN,3,kNN,Death (Y/N),12,15,-16.666666666666668
CopulaGAN,3,Naive Bayes,Death (Y/N),12,15,-16.666666666666668
CopulaGAN,3,Random Forest,Death (Y/N),12,15,-16.666666666666668
CopulaGAN,3,kNN,Recurrence,17,17,0.0
CopulaGAN,3,Naive Bayes,Recurrence,15,17,-11.11111111111111
CopulaGAN,3,Random Forest,Recurrence,16,17,-5.555555555555555
CopulaGAN,3,kNN,Postop complication,10,12,-11.11111111111111
CopulaGAN,3,Naive Bayes,Postop complication,12,12,0.0
CopulaGAN,3,Random Forest,Postop complication,12,12,0.0
CopulaGAN,3,kNN,"EOR (GTR, NTR, STR, biopsy)",7,10,-16.666666666666668
CopulaGAN,3,Naive Bayes,"EOR (GTR, NTR, STR, biopsy)",4,10,-33.333333333333336
CopulaGAN,3,Random Forest,"EOR (GTR, NTR, STR, biopsy)",11,10,5.555555555555555
CopulaGAN,3,kNN,Radiotherapy (Y/N),11,12,-5.555555555555555
CopulaGAN,3,Naive Bayes,Radiotherapy (Y/N),8,12,-22.22222222222222
CopulaGAN,3,Random Forest,Radiotherapy (Y/N),9,12,-16.666666666666668
CopulaGAN,3,kNN,Discharge dispo,12,11,5.555555555555555
CopulaGAN,3,Naive Bayes,Discharge dispo,10,11,-5.555555555555555
CopulaGAN,3,Random Forest,Discharge dispo,11,11,0.0
CopulaGAN,3,kNN,Overall Survival (yrs),5,6,-5.555555555555555
CopulaGAN,3,Random Forest,Overall Survival (yrs),4,6,-11.11111111111111
CopulaGAN,3,kNN,PFS (After Sx; Months),1,1,0.0
CopulaGAN,3,Random Forest,PFS (After Sx; Months),0,1,-5.555555555555555
CTGAN,3,kNN,Death (Y/N),15,15,0.0
CTGAN,3,Naive Bayes,Death (Y/N),15,15,0.0
CTGAN,3,Random Forest,Death (Y/N),15,15,0.0
CTGAN,3,kNN,Recurrence,17,17,0.0
CTGAN,3,Naive Bayes,Recurrence,17,17,0.0
CTGAN,3,Random Forest,Recurrence,17,17,0.0
CTGAN,3,kNN,Postop complication,10,12,-11.11111111111111
CTGAN,3,Naive Bayes,Postop complication,8,12,-22.22222222222222
CTGAN,3,Random Forest,Postop complication,11,12,-5.555555555555555
CTGAN,3,kNN,"EOR (GTR, NTR, STR, biopsy)",9,10,-5.555555555555555
CTGAN,3,Naive Bayes,"EOR (GTR, NTR, STR, biopsy)",7,10,-16.666666666666668
CTGAN,3,Random Forest,"EOR (GTR, NTR, STR, biopsy)",9,10,-5.555555555555555
CTGAN,3,kNN,Radiotherapy (Y/N),10,12,-11.11111111111111
CTGAN,3,Naive Bayes,Radiotherapy (Y/N),8,12,-22.22222222222222
CTGAN,3,Random Forest,Radiotherapy (Y/N),8,12,-22.22222222222222
CTGAN,3,kNN,Discharge dispo,11,11,0.0
CTGAN,3,Naive Bayes,Discharge dispo,10,11,-5.555555555555555
CTGAN,3,Random Forest,Discharge dispo,12,11,5.555555555555555
CTGAN,3,kNN,Overall Survival (yrs),1,6,-27.77777777777778
CTGAN,3,Random Forest,Overall Survival (yrs),0,6,-33.333333333333336
CTGAN,3,kNN,PFS (After Sx; Months),5,7,-11.11111111111111
CTGAN,3,Random Forest,PFS (After Sx; Months),2,7,-27.77777777777778
TVAE,3,kNN,Death (Y/N),16,15,5.555555555555555
TVAE,3,Naive Bayes,Death (Y/N),6,15,-50.0
TVAE,3,Random Forest,Death (Y/N),15,15,0.0
TVAE,3,kNN,Recurrence,17,17,0.0
TVAE,3,Naive Bayes,Recurrence,8,17,-50.0
TVAE,3,Random Forest,Recurrence,17,17,0.0
TVAE,3,kNN,Postop complication,16,12,22.22222222222222
TVAE,3,Naive Bayes,Postop complication,13,12,5.555555555555555
TVAE,3,Random Forest,Postop complication,16,12,22.22222222222222
TVAE,3,kNN,"EOR (GTR, NTR, STR, biopsy)",10,10,0.0
TVAE,3,Naive Bayes,"EOR (GTR, NTR, STR, biopsy)",7,10,-16.666666666666668
TVAE,3,Random Forest,"EOR (GTR, NTR, STR, biopsy)",12,10,11.11111111111111
TVAE,3,kNN,Radiotherapy (Y/N),14,12,11.11111111111111
TVAE,3,Naive Bayes,Radiotherapy (Y/N),10,12,-11.11111111111111
TVAE,3,Random Forest,Radiotherapy (Y/N),13,12,5.555555555555555
TVAE,3,kNN,Discharge dispo,13,11,11.11111111111111
TVAE,3,Naive Bayes,Discharge dispo,11,11,0.0
TVAE,3,Random Forest,Discharge dispo,12,11,5.555555555555555
TVAE,3,kNN,Overall Survival (yrs),2,0,11.11111111111111
TVAE,3,Random Forest,Overall Survival (yrs),1,0,5.555555555555555
TVAE,3,kNN,PFS (After Sx; Months),5,5,0.0
TVAE,3,Random Forest,PFS (After Sx; Months),5,5,0.0
GaussianCopula,4,kNN,Death (Y/N),15,15,0.0
GaussianCopula,4,Naive Bayes,Death (Y/N),6,15,-50.0
GaussianCopula,4,Random Forest,Death (Y/N),15,15,0.0
GaussianCopula,4,kNN,Recurrence,17,17,0.0
GaussianCopula,4,Naive Bayes,Recurrence,15,17,-11.11111111111111
GaussianCopula,4,Random Forest,Recurrence,17,17,0.0
GaussianCopula,4,kNN,Postop complication,14,12,11.11111111111111
GaussianCopula,4,Naive Bayes,Postop complication,13,12,5.555555555555555
GaussianCopula,4,Random Forest,Postop complication,14,12,11.11111111111111
GaussianCopula,4,kNN,"EOR (GTR, NTR, STR, biopsy)",8,10,-11.11111111111111
GaussianCopula,4,Naive Bayes,"EOR (GTR, NTR, STR, biopsy)",8,10,-11.11111111111111
GaussianCopula,4,Random Forest,"EOR (GTR, NTR, STR, biopsy)",8,10,-11.11111111111111
GaussianCopula,4,kNN,Radiotherapy (Y/N),12,12,0.0
GaussianCopula,4,Naive Bayes,Radiotherapy (Y/N),9,12,-16.666666666666668
GaussianCopula,4,Random Forest,Radiotherapy (Y/N),11,12,-5.555555555555555
GaussianCopula,4,kNN,Discharge dispo,9,11,-11.11111111111111
GaussianCopula,4,Naive Bayes,Discharge dispo,6,11,-27.77777777777778
GaussianCopula,4,Random Forest,Discharge dispo,8,11,-16.666666666666668
GaussianCopula,4,kNN,Overall Survival (yrs),0,1,-5.555555555555555
GaussianCopula,4,Random Forest,Overall Survival (yrs),0,1,-5.555555555555555
GaussianCopula,4,kNN,PFS (After Sx; Months),2,0,11.11111111111111
GaussianCopula,4,Random Forest,PFS (After Sx; Months),0,0,0.0
CopulaGAN,4,kNN,Death (Y/N),15,15,0.0
CopulaGAN,4,Naive Bayes,Death (Y/N),15,15,0.0
CopulaGAN,4,Random Forest,Death (Y/N),15,15,0.0
CopulaGAN,4,kNN,Recurrence,17,17,0.0
CopulaGAN,4,Naive Bayes,Recurrence,17,17,0.0
CopulaGAN,4,Random Forest,Recurrence,17,17,0.0
CopulaGAN,4,kNN,Postop complication,12,12,0.0
CopulaGAN,4,Naive Bayes,Postop complication,11,12,-5.555555555555555
CopulaGAN,4,Random Forest,Postop complication,13,12,5.555555555555555
CopulaGAN,4,kNN,"EOR (GTR, NTR, STR, biopsy)",11,10,5.555555555555555
CopulaGAN,4,Naive Bayes,"EOR (GTR, NTR, STR, biopsy)",7,10,-16.666666666666668
CopulaGAN,4,Random Forest,"EOR (GTR, NTR, STR, biopsy)",9,10,-5.555555555555555
CopulaGAN,4,kNN,Radiotherapy (Y/N),11,12,-5.555555555555555
CopulaGAN,4,Naive Bayes,Radiotherapy (Y/N),10,12,-11.11111111111111
CopulaGAN,4,Random Forest,Radiotherapy (Y/N),11,12,-5.555555555555555
CopulaGAN,4,kNN,Discharge dispo,10,11,-5.555555555555555
CopulaGAN,4,Naive Bayes,Discharge dispo,10,11,-5.555555555555555
CopulaGAN,4,Random Forest,Discharge dispo,10,11,-5.555555555555555
CopulaGAN,4,kNN,Overall Survival (yrs),0,1,-5.555555555555555
CopulaGAN,4,Random Forest,Overall Survival (yrs),0,1,-5.555555555555555
CopulaGAN,4,kNN,PFS (After Sx; Months),2,7,-27.77777777777778
CopulaGAN,4,Random Forest,PFS (After Sx; Months),3,7,-22.22222222222222
CTGAN,4,kNN,Death (Y/N),15,15,0.0
CTGAN,4,Naive Bayes,Death (Y/N),15,15,0.0
CTGAN,4,Random Forest,Death (Y/N),15,15,0.0
CTGAN,4,kNN,Recurrence,17,17,0.0
CTGAN,4,Naive Bayes,Recurrence,17,17,0.0
CTGAN,4,Random Forest,Recurrence,17,17,0.0
CTGAN,4,kNN,Postop complication,8,12,-22.22222222222222
CTGAN,4,Naive Bayes,Postop complication,8,12,-22.22222222222222
CTGAN,4,Random Forest,Postop complication,12,12,0.0
CTGAN,4,kNN,"EOR (GTR, NTR, STR, biopsy)",9,10,-5.555555555555555
CTGAN,4,Naive Bayes,"EOR (GTR, NTR, STR, biopsy)",7,10,-16.666666666666668
CTGAN,4,Random Forest,"EOR (GTR, NTR, STR, biopsy)",9,10,-5.555555555555555
CTGAN,4,kNN,Radiotherapy (Y/N),11,12,-5.555555555555555
CTGAN,4,Naive Bayes,Radiotherapy (Y/N),8,12,-22.22222222222222
CTGAN,4,Random Forest,Radiotherapy (Y/N),11,12,-5.555555555555555
CTGAN,4,kNN,Discharge dispo,12,11,5.555555555555555
CTGAN,4,Naive Bayes,Discharge dispo,10,11,-5.555555555555555
CTGAN,4,Random Forest,Discharge dispo,10,11,-5.555555555555555
CTGAN,4,kNN,Overall Survival (yrs),0,0,0.0
CTGAN,4,Random Forest,Overall Survival (yrs),1,0,5.555555555555555
CTGAN,4,kNN,PFS (After Sx; Months),1,1,0.0
CTGAN,4,Random Forest,PFS (After Sx; Months),2,1,5.555555555555555
TVAE,4,kNN,Death (Y/N),15,15,0.0
TVAE,4,Naive Bayes,Death (Y/N),8,15,-38.888888888888886
TVAE,4,Random Forest,Death (Y/N),16,15,5.555555555555555
TVAE,4,kNN,Recurrence,17,17,0.0
TVAE,4,Naive Bayes,Recurrence,7,17,-55.55555555555556
TVAE,4,Random Forest,Recurrence,16,17,-5.555555555555555
TVAE,4,kNN,Postop complication,12,12,0.0
TVAE,4,Naive Bayes,Postop complication,12,12,0.0
TVAE,4,Random Forest,Postop complication,14,12,11.11111111111111
TVAE,4,kNN,"EOR (GTR, NTR, STR, biopsy)",11,10,5.555555555555555
TVAE,4,Naive Bayes,"EOR (GTR, NTR, STR, biopsy)",7,10,-16.666666666666668
TVAE,4,Random Forest,"EOR (GTR, NTR, STR, biopsy)",11,10,5.555555555555555
TVAE,4,kNN,Radiotherapy (Y/N),13,12,5.555555555555555
TVAE,4,Naive Bayes,Radiotherapy (Y/N),12,12,0.0
TVAE,4,Random Forest,Radiotherapy (Y/N),13,12,5.555555555555555
TVAE,4,kNN,Discharge dispo,13,11,11.11111111111111
TVAE,4,Naive Bayes,Discharge dispo,11,11,0.0
TVAE,4,Random Forest,Discharge dispo,16,11,27.77777777777778
TVAE,4,kNN,Overall Survival (yrs),2,0,11.11111111111111
TVAE,4,Random Forest,Overall Survival (yrs),3,0,16.666666666666668
TVAE,4,kNN,PFS (After Sx; Months),5,4,5.555555555555555
TVAE,4,Random Forest,PFS (After Sx; Months),5,4,5.555555555555555
GaussianCopula,5,kNN,Death (Y/N),15,15,0.0
GaussianCopula,5,Naive Bayes,Death (Y/N),9,15,-33.333333333333336
GaussianCopula,5,Random Forest,Death (Y/N),16,15,5.555555555555555
GaussianCopula,5,kNN,Recurrence,17,17,0.0
GaussianCopula,5,Naive Bayes,Recurrence,9,17,-44.44444444444444
GaussianCopula,5,Random Forest,Recurrence,17,17,0.0
GaussianCopula,5,kNN,Postop complication,13,12,5.555555555555555
GaussianCopula,5,Naive Bayes,Postop complication,14,12,11.11111111111111
GaussianCopula,5,Random Forest,Postop complication,12,12,0.0
GaussianCopula,5,kNN,"EOR (GTR, NTR, STR, biopsy)",10,10,0.0
GaussianCopula,5,Naive Bayes,"EOR (GTR, NTR, STR, biopsy)",9,10,-5.555555555555555
GaussianCopula,5,Random Forest,"EOR (GTR, NTR, STR, biopsy)",9,10,-5.555555555555555
GaussianCopula,5,kNN,Radiotherapy (Y/N),12,12,0.0
GaussianCopula,5,Naive Bayes,Radiotherapy (Y/N),11,12,-5.555555555555555
GaussianCopula,5,Random Forest,Radiotherapy (Y/N),11,12,-5.555555555555555
GaussianCopula,5,kNN,Discharge dispo,11,11,0.0
GaussianCopula,5,Naive Bayes,Discharge dispo,7,11,-22.22222222222222
GaussianCopula,5,Random Forest,Discharge dispo,6,11,-27.77777777777778
GaussianCopula,5,kNN,Overall Survival (yrs),0,1,-5.555555555555555
GaussianCopula,5,Random Forest,Overall Survival (yrs),0,1,-5.555555555555555
GaussianCopula,5,kNN,PFS (After Sx; Months),1,0,5.555555555555555
GaussianCopula,5,Random Forest,PFS (After Sx; Months),1,0,5.555555555555555
CopulaGAN,5,kNN,Death (Y/N),14,15,-5.555555555555555
CopulaGAN,5,Naive Bayes,Death (Y/N),15,15,0.0
CopulaGAN,5,Random Forest,Death (Y/N),14,15,-5.555555555555555
CopulaGAN,5,kNN,Recurrence,17,17,0.0
CopulaGAN,5,Naive Bayes,Recurrence,13,17,-22.22222222222222
CopulaGAN,5,Random Forest,Recurrence,17,17,0.0
CopulaGAN,5,kNN,Postop complication,12,12,0.0
CopulaGAN,5,Naive Bayes,Postop complication,8,12,-22.22222222222222
CopulaGAN,5,Random Forest,Postop complication,10,12,-11.11111111111111
CopulaGAN,5,kNN,"EOR (GTR, NTR, STR, biopsy)",7,10,-16.666666666666668
CopulaGAN,5,Naive Bayes,"EOR (GTR, NTR, STR, biopsy)",4,10,-33.333333333333336
CopulaGAN,5,Random Forest,"EOR (GTR, NTR, STR, biopsy)",6,10,-22.22222222222222
CopulaGAN,5,kNN,Radiotherapy (Y/N),9,6,16.666666666666668
CopulaGAN,5,Naive Bayes,Radiotherapy (Y/N),8,6,11.11111111111111
CopulaGAN,5,Random Forest,Radiotherapy (Y/N),8,6,11.11111111111111
CopulaGAN,5,kNN,Discharge dispo,10,11,-5.555555555555555
CopulaGAN,5,Naive Bayes,Discharge dispo,9,11,-11.11111111111111
CopulaGAN,5,Random Forest,Discharge dispo,10,11,-5.555555555555555
CopulaGAN,5,kNN,Overall Survival (yrs),4,6,-11.11111111111111
CopulaGAN,5,Random Forest,Overall Survival (yrs),1,6,-27.77777777777778
CopulaGAN,5,kNN,PFS (After Sx; Months),2,7,-27.77777777777778
CopulaGAN,5,Random Forest,PFS (After Sx; Months),1,7,-33.333333333333336
CTGAN,5,kNN,Death (Y/N),15,15,0.0
CTGAN,5,Naive Bayes,Death (Y/N),15,15,0.0
CTGAN,5,Random Forest,Death (Y/N),15,15,0.0
CTGAN,5,kNN,Recurrence,17,17,0.0
CTGAN,5,Naive Bayes,Recurrence,14,17,-16.666666666666668
CTGAN,5,Random Forest,Recurrence,17,17,0.0
CTGAN,5,kNN,Postop complication,11,6,27.77777777777778
CTGAN,5,Naive Bayes,Postop complication,8,6,11.11111111111111
CTGAN,5,Random Forest,Postop complication,10,6,22.22222222222222
CTGAN,5,kNN,"EOR (GTR, NTR, STR, biopsy)",11,10,5.555555555555555
CTGAN,5,Naive Bayes,"EOR (GTR, NTR, STR, biopsy)",5,10,-27.77777777777778
CTGAN,5,Random Forest,"EOR (GTR, NTR, STR, biopsy)",10,10,0.0
CTGAN,5,kNN,Radiotherapy (Y/N),11,12,-5.555555555555555
CTGAN,5,Naive Bayes,Radiotherapy (Y/N),8,12,-22.22222222222222
CTGAN,5,Random Forest,Radiotherapy (Y/N),12,12,0.0
CTGAN,5,kNN,Discharge dispo,11,11,0.0
CTGAN,5,Naive Bayes,Discharge dispo,10,11,-5.555555555555555
CTGAN,5,Random Forest,Discharge dispo,11,11,0.0
CTGAN,5,kNN,Overall Survival (yrs),2,6,-22.22222222222222
CTGAN,5,Random Forest,Overall Survival (yrs),4,6,-11.11111111111111
CTGAN,5,kNN,PFS (After Sx; Months),1,1,0.0
CTGAN,5,Random Forest,PFS (After Sx; Months),2,1,5.555555555555555
TVAE,5,kNN,Death (Y/N),17,15,11.11111111111111
TVAE,5,Naive Bayes,Death (Y/N),17,15,11.11111111111111
TVAE,5,Random Forest,Death (Y/N),16,15,5.555555555555555
TVAE,5,kNN,Recurrence,17,17,0.0
TVAE,5,Naive Bayes,Recurrence,13,17,-22.22222222222222
TVAE,5,Random Forest,Recurrence,17,17,0.0
TVAE,5,kNN,Postop complication,15,12,16.666666666666668
TVAE,5,Naive Bayes,Postop complication,14,12,11.11111111111111
TVAE,5,Random Forest,Postop complication,15,12,16.666666666666668
TVAE,5,kNN,"EOR (GTR, NTR, STR, biopsy)",13,10,16.666666666666668
TVAE,5,Naive Bayes,"EOR (GTR, NTR, STR, biopsy)",7,10,-16.666666666666668
TVAE,5,Random Forest,"EOR (GTR, NTR, STR, biopsy)",11,10,5.555555555555555
TVAE,5,kNN,Radiotherapy (Y/N),15,12,16.666666666666668
TVAE,5,Naive Bayes,Radiotherapy (Y/N),11,12,-5.555555555555555
TVAE,5,Random Forest,Radiotherapy (Y/N),15,12,16.666666666666668
TVAE,5,kNN,Discharge dispo,14,11,16.666666666666668
TVAE,5,Naive Bayes,Discharge dispo,9,11,-11.11111111111111
TVAE,5,Random Forest,Discharge dispo,14,11,16.666666666666668
TVAE,5,kNN,Overall Survival (yrs),0,1,-5.555555555555555
TVAE,5,Random Forest,Overall Survival (yrs),3,1,11.11111111111111
TVAE,5,kNN,PFS (After Sx; Months),4,4,0.0
TVAE,5,Random Forest,PFS (After Sx; Months),5,4,5.555555555555555
GaussianCopula,6,kNN,Death (Y/N),15,15,0.0
GaussianCopula,6,Naive Bayes,Death (Y/N),6,15,-50.0
GaussianCopula,6,Random Forest,Death (Y/N),16,15,5.555555555555555
GaussianCopula,6,kNN,Recurrence,17,17,0.0
GaussianCopula,6,Naive Bayes,Recurrence,17,17,0.0
GaussianCopula,6,Random Forest,Recurrence,17,17,0.0
GaussianCopula,6,kNN,Postop complication,15,12,16.666666666666668
GaussianCopula,6,Naive Bayes,Postop complication,12,12,0.0
GaussianCopula,6,Random Forest,Postop complication,15,12,16.666666666666668
GaussianCopula,6,kNN,"EOR (GTR, NTR, STR, biopsy)",10,10,0.0
GaussianCopula,6,Naive Bayes,"EOR (GTR, NTR, STR, biopsy)",9,10,-5.555555555555555
GaussianCopula,6,Random Forest,"EOR (GTR, NTR, STR, biopsy)",9,10,-5.555555555555555
GaussianCopula,6,kNN,Radiotherapy (Y/N),12,12,0.0
GaussianCopula,6,Naive Bayes,Radiotherapy (Y/N),9,12,-16.666666666666668
GaussianCopula,6,Random Forest,Radiotherapy (Y/N),13,12,5.555555555555555
GaussianCopula,6,kNN,Discharge dispo,9,11,-11.11111111111111
GaussianCopula,6,Naive Bayes,Discharge dispo,10,11,-5.555555555555555
GaussianCopula,6,Random Forest,Discharge dispo,8,11,-16.666666666666668
GaussianCopula,6,kNN,Overall Survival (yrs),0,1,-5.555555555555555
GaussianCopula,6,Random Forest,Overall Survival (yrs),0,1,-5.555555555555555
GaussianCopula,6,kNN,PFS (After Sx; Months),2,0,11.11111111111111
GaussianCopula,6,Random Forest,PFS (After Sx; Months),1,0,5.555555555555555
CopulaGAN,6,kNN,Death (Y/N),15,15,0.0
CopulaGAN,6,Naive Bayes,Death (Y/N),15,15,0.0
CopulaGAN,6,Random Forest,Death (Y/N),15,15,0.0
CopulaGAN,6,kNN,Recurrence,17,17,0.0
CopulaGAN,6,Naive Bayes,Recurrence,13,17,-22.22222222222222
CopulaGAN,6,Random Forest,Recurrence,17,17,0.0
CopulaGAN,6,kNN,Postop complication,13,12,5.555555555555555
CopulaGAN,6,Naive Bayes,Postop complication,8,12,-22.22222222222222
CopulaGAN,6,Random Forest,Postop complication,15,12,16.666666666666668
CopulaGAN,6,kNN,"EOR (GTR, NTR, STR, biopsy)",10,10,0.0
CopulaGAN,6,Naive Bayes,"EOR (GTR, NTR, STR, biopsy)",8,10,-11.11111111111111
CopulaGAN,6,Random Forest,"EOR (GTR, NTR, STR, biopsy)",12,10,11.11111111111111
CopulaGAN,6,kNN,Radiotherapy (Y/N),12,12,0.0
CopulaGAN,6,Naive Bayes,Radiotherapy (Y/N),8,12,-22.22222222222222
CopulaGAN,6,Random Forest,Radiotherapy (Y/N),11,12,-5.555555555555555
CopulaGAN,6,kNN,Discharge dispo,11,11,0.0
CopulaGAN,6,Naive Bayes,Discharge dispo,10,11,-5.555555555555555
CopulaGAN,6,Random Forest,Discharge dispo,11,11,0.0
CopulaGAN,6,kNN,Overall Survival (yrs),0,0,0.0
CopulaGAN,6,Random Forest,Overall Survival (yrs),0,0,0.0
CopulaGAN,6,kNN,PFS (After Sx; Months),1,4,-16.666666666666668
CopulaGAN,6,Random Forest,PFS (After Sx; Months),2,4,-11.11111111111111
CTGAN,6,kNN,Death (Y/N),14,15,-5.555555555555555
CTGAN,6,Naive Bayes,Death (Y/N),15,15,0.0
CTGAN,6,Random Forest,Death (Y/N),14,15,-5.555555555555555
CTGAN,6,kNN,Recurrence,17,17,0.0
CTGAN,6,Naive Bayes,Recurrence,17,17,0.0
CTGAN,6,Random Forest,Recurrence,17,17,0.0
CTGAN,6,kNN,Postop complication,11,12,-5.555555555555555
CTGAN,6,Naive Bayes,Postop complication,9,12,-16.666666666666668
CTGAN,6,Random Forest,Postop complication,12,12,0.0
CTGAN,6,kNN,"EOR (GTR, NTR, STR, biopsy)",10,10,0.0
CTGAN,6,Naive Bayes,"EOR (GTR, NTR, STR, biopsy)",8,10,-11.11111111111111
CTGAN,6,Random Forest,"EOR (GTR, NTR, STR, biopsy)",12,10,11.11111111111111
CTGAN,6,kNN,Radiotherapy (Y/N),12,12,0.0
CTGAN,6,Naive Bayes,Radiotherapy (Y/N),9,12,-16.666666666666668
CTGAN,6,Random Forest,Radiotherapy (Y/N),9,12,-16.666666666666668
CTGAN,6,kNN,Discharge dispo,10,11,-5.555555555555555
CTGAN,6,Naive Bayes,Discharge dispo,10,11,-5.555555555555555
CTGAN,6,Random Forest,Discharge dispo,8,11,-16.666666666666668
CTGAN,6,kNN,Overall Survival (yrs),1,2,-5.555555555555555
CTGAN,6,Random Forest,Overall Survival (yrs),0,2,-11.11111111111111
CTGAN,6,kNN,PFS (After Sx; Months),6,11,-27.77777777777778
CTGAN,6,Random Forest,PFS (After Sx; Months),2,11,-50.0
TVAE,6,kNN,Death (Y/N),15,15,0.0
TVAE,6,Naive Bayes,Death (Y/N),7,15,-44.44444444444444
TVAE,6,Random Forest,Death (Y/N),16,15,5.555555555555555
TVAE,6,kNN,Recurrence,17,17,0.0
TVAE,6,Naive Bayes,Recurrence,7,17,-55.55555555555556
TVAE,6,Random Forest,Recurrence,17,17,0.0
TVAE,6,kNN,Postop complication,12,12,0.0
TVAE,6,Naive Bayes,Postop complication,14,12,11.11111111111111
TVAE,6,Random Forest,Postop complication,13,12,5.555555555555555
TVAE,6,kNN,"EOR (GTR, NTR, STR, biopsy)",12,10,11.11111111111111
TVAE,6,Naive Bayes,"EOR (GTR, NTR, STR, biopsy)",7,10,-16.666666666666668
TVAE,6,Random Forest,"EOR (GTR, NTR, STR, biopsy)",13,10,16.666666666666668
TVAE,6,kNN,Radiotherapy (Y/N),13,12,5.555555555555555
TVAE,6,Naive Bayes,Radiotherapy (Y/N),12,12,0.0
TVAE,6,Random Forest,Radiotherapy (Y/N),14,12,11.11111111111111
TVAE,6,kNN,Discharge dispo,13,11,11.11111111111111
TVAE,6,Naive Bayes,Discharge dispo,12,11,5.555555555555555
TVAE,6,Random Forest,Discharge dispo,15,11,22.22222222222222
TVAE,6,kNN,Overall Survival (yrs),1,1,0.0
TVAE,6,Random Forest,Overall Survival (yrs),0,1,-5.555555555555555
TVAE,6,kNN,PFS (After Sx; Months),6,5,5.555555555555555
TVAE,6,Random Forest,PFS (After Sx; Months),5,5,0.0
GaussianCopula,7,kNN,Death (Y/N),16,15,5.555555555555555
GaussianCopula,7,Naive Bayes,Death (Y/N),6,15,-50.0
GaussianCopula,7,Random Forest,Death (Y/N),13,15,-11.11111111111111
GaussianCopula,7,kNN,Recurrence,17,17,0.0
GaussianCopula,7,Naive Bayes,Recurrence,5,17,-66.66666666666667
GaussianCopula,7,Random Forest,Recurrence,17,17,0.0
GaussianCopula,7,kNN,Postop complication,13,12,5.555555555555555
GaussianCopula,7,Naive Bayes,Postop complication,13,12,5.555555555555555
GaussianCopula,7,Random Forest,Postop complication,12,12,0.0
GaussianCopula,7,kNN,"EOR (GTR, NTR, STR, biopsy)",11,10,5.555555555555555
GaussianCopula,7,Naive Bayes,"EOR (GTR, NTR, STR, biopsy)",9,10,-5.555555555555555
GaussianCopula,7,Random Forest,"EOR (GTR, NTR, STR, biopsy)",8,10,-11.11111111111111
GaussianCopula,7,kNN,Radiotherapy (Y/N),12,12,0.0
GaussianCopula,7,Naive Bayes,Radiotherapy (Y/N),10,12,-11.11111111111111
GaussianCopula,7,Random Forest,Radiotherapy (Y/N),12,12,0.0
GaussianCopula,7,kNN,Discharge dispo,11,11,0.0
GaussianCopula,7,Naive Bayes,Discharge dispo,3,11,-44.44444444444444
GaussianCopula,7,Random Forest,Discharge dispo,8,11,-16.666666666666668
GaussianCopula,7,kNN,Overall Survival (yrs),0,1,-5.555555555555555
GaussianCopula,7,Random Forest,Overall Survival (yrs),0,1,-5.555555555555555
GaussianCopula,7,kNN,PFS (After Sx; Months),0,0,0.0
GaussianCopula,7,Random Forest,PFS (After Sx; Months),2,0,11.11111111111111
CopulaGAN,7,kNN,Death (Y/N),15,15,0.0
CopulaGAN,7,Naive Bayes,Death (Y/N),14,15,-5.555555555555555
CopulaGAN,7,Random Forest,Death (Y/N),15,15,0.0
CopulaGAN,7,kNN,Recurrence,17,17,0.0
CopulaGAN,7,Naive Bayes,Recurrence,15,17,-11.11111111111111
CopulaGAN,7,Random Forest,Recurrence,17,17,0.0
CopulaGAN,7,kNN,Postop complication,9,12,-16.666666666666668
CopulaGAN,7,Naive Bayes,Postop complication,9,12,-16.666666666666668
CopulaGAN,7,Random Forest,Postop complication,11,12,-5.555555555555555
CopulaGAN,7,kNN,"EOR (GTR, NTR, STR, biopsy)",6,10,-22.22222222222222
CopulaGAN,7,Naive Bayes,"EOR (GTR, NTR, STR, biopsy)",7,10,-16.666666666666668
CopulaGAN,7,Random Forest,"EOR (GTR, NTR, STR, biopsy)",6,10,-22.22222222222222
CopulaGAN,7,kNN,Radiotherapy (Y/N),9,12,-16.666666666666668
CopulaGAN,7,Naive Bayes,Radiotherapy (Y/N),9,12,-16.666666666666668
CopulaGAN,7,Random Forest,Radiotherapy (Y/N),12,12,0.0
CopulaGAN,7,kNN,Discharge dispo,5,11,-33.333333333333336
CopulaGAN,7,Naive Bayes,Discharge dispo,10,11,-5.555555555555555
CopulaGAN,7,Random Forest,Discharge dispo,9,11,-11.11111111111111
CopulaGAN,7,kNN,Overall Survival (yrs),1,8,-38.888888888888886
CopulaGAN,7,Random Forest,Overall Survival (yrs),1,8,-38.888888888888886
CopulaGAN,7,kNN,PFS (After Sx; Months),0,2,-11.11111111111111
CopulaGAN,7,Random Forest,PFS (After Sx; Months),0,2,-11.11111111111111
CTGAN,7,kNN,Death (Y/N),14,15,-5.555555555555555
CTGAN,7,Naive Bayes,Death (Y/N),15,15,0.0
CTGAN,7,Random Forest,Death (Y/N),15,15,0.0
CTGAN,7,kNN,Recurrence,17,17,0.0
CTGAN,7,Naive Bayes,Recurrence,17,17,0.0
CTGAN,7,Random Forest,Recurrence,17,17,0.0
CTGAN,7,kNN,Postop complication,9,12,-16.666666666666668
CTGAN,7,Naive Bayes,Postop complication,8,12,-22.22222222222222
CTGAN,7,Random Forest,Postop complication,10,12,-11.11111111111111
CTGAN,7,kNN,"EOR (GTR, NTR, STR, biopsy)",10,10,0.0
CTGAN,7,Naive Bayes,"EOR (GTR, NTR, STR, biopsy)",7,10,-16.666666666666668
CTGAN,7,Random Forest,"EOR (GTR, NTR, STR, biopsy)",10,10,0.0
CTGAN,7,kNN,Radiotherapy (Y/N),8,12,-22.22222222222222
CTGAN,7,Naive Bayes,Radiotherapy (Y/N),8,12,-22.22222222222222
CTGAN,7,Random Forest,Radiotherapy (Y/N),12,12,0.0
CTGAN,7,kNN,Discharge dispo,11,11,0.0
CTGAN,7,Naive Bayes,Discharge dispo,10,11,-5.555555555555555
CTGAN,7,Random Forest,Discharge dispo,11,11,0.0
CTGAN,7,kNN,Overall Survival (yrs),0,6,-33.333333333333336
CTGAN,7,Random Forest,Overall Survival (yrs),1,6,-27.77777777777778
CTGAN,7,kNN,PFS (After Sx; Months),5,7,-11.11111111111111
CTGAN,7,Random Forest,PFS (After Sx; Months),3,7,-22.22222222222222
TVAE,7,kNN,Death (Y/N),16,15,5.555555555555555
TVAE,7,Naive Bayes,Death (Y/N),17,15,11.11111111111111
TVAE,7,Random Forest,Death (Y/N),16,15,5.555555555555555
TVAE,7,kNN,Recurrence,17,17,0.0
TVAE,7,Naive Bayes,Recurrence,7,17,-55.55555555555556
TVAE,7,Random Forest,Recurrence,17,17,0.0
TVAE,7,kNN,Postop complication,16,12,22.22222222222222
TVAE,7,Naive Bayes,Postop complication,14,12,11.11111111111111
TVAE,7,Random Forest,Postop complication,16,12,22.22222222222222
TVAE,7,kNN,"EOR (GTR, NTR, STR, biopsy)",12,10,11.11111111111111
TVAE,7,Naive Bayes,"EOR (GTR, NTR, STR, biopsy)",8,10,-11.11111111111111
TVAE,7,Random Forest,"EOR (GTR, NTR, STR, biopsy)",13,10,16.666666666666668
TVAE,7,kNN,Radiotherapy (Y/N),15,12,16.666666666666668
TVAE,7,Naive Bayes,Radiotherapy (Y/N),10,12,-11.11111111111111
TVAE,7,Random Forest,Radiotherapy (Y/N),15,12,16.666666666666668
TVAE,7,kNN,Discharge dispo,17,11,33.333333333333336
TVAE,7,Naive Bayes,Discharge dispo,10,11,-5.555555555555555
TVAE,7,Random Forest,Discharge dispo,16,11,27.77777777777778
TVAE,7,kNN,Overall Survival (yrs),0,1,-5.555555555555555
TVAE,7,Random Forest,Overall Survival (yrs),1,1,0.0
TVAE,7,kNN,PFS (After Sx; Months),6,4,11.11111111111111
TVAE,7,Random Forest,PFS (After Sx; Months),8,4,22.22222222222222
GaussianCopula,8,kNN,Death (Y/N),16,15,5.555555555555555
GaussianCopula,8,Naive Bayes,Death (Y/N),6,15,-50.0
GaussianCopula,8,Random Forest,Death (Y/N),15,15,0.0
GaussianCopula,8,kNN,Recurrence,17,17,0.0
GaussianCopula,8,Naive Bayes,Recurrence,5,17,-66.66666666666667
GaussianCopula,8,Random Forest,Recurrence,17,17,0.0
GaussianCopula,8,kNN,Postop complication,14,12,11.11111111111111
GaussianCopula,8,Naive Bayes,Postop complication,13,12,5.555555555555555
GaussianCopula,8,Random Forest,Postop complication,15,12,16.666666666666668
GaussianCopula,8,kNN,"EOR (GTR, NTR, STR, biopsy)",10,10,0.0
GaussianCopula,8,Naive Bayes,"EOR (GTR, NTR, STR, biopsy)",8,10,-11.11111111111111
GaussianCopula,8,Random Forest,"EOR (GTR, NTR, STR, biopsy)",10,10,0.0
GaussianCopula,8,kNN,Radiotherapy (Y/N),12,12,0.0
GaussianCopula,8,Naive Bayes,Radiotherapy (Y/N),8,12,-22.22222222222222
GaussianCopula,8,Random Forest,Radiotherapy (Y/N),12,12,0.0
GaussianCopula,8,kNN,Discharge dispo,7,11,-22.22222222222222
GaussianCopula,8,Naive Bayes,Discharge dispo,9,11,-11.11111111111111
GaussianCopula,8,Random Forest,Discharge dispo,11,11,0.0
GaussianCopula,8,kNN,Overall Survival (yrs),0,1,-5.555555555555555
GaussianCopula,8,Random Forest,Overall Survival (yrs),0,1,-5.555555555555555
GaussianCopula,8,kNN,PFS (After Sx; Months),1,0,5.555555555555555
GaussianCopula,8,Random Forest,PFS (After Sx; Months),1,0,5.555555555555555
CopulaGAN,8,kNN,Death (Y/N),15,15,0.0
CopulaGAN,8,Naive Bayes,Death (Y/N),15,15,0.0
CopulaGAN,8,Random Forest,Death (Y/N),15,15,0.0
CopulaGAN,8,kNN,Recurrence,16,17,-5.555555555555555
CopulaGAN,8,Naive Bayes,Recurrence,11,17,-33.333333333333336
CopulaGAN,8,Random Forest,Recurrence,17,17,0.0
CopulaGAN,8,kNN,Postop complication,12,12,0.0
CopulaGAN,8,Naive Bayes,Postop complication,8,12,-22.22222222222222
CopulaGAN,8,Random Forest,Postop complication,11,12,-5.555555555555555
CopulaGAN,8,kNN,"EOR (GTR, NTR, STR, biopsy)",8,10,-11.11111111111111
CopulaGAN,8,Naive Bayes,"EOR (GTR, NTR, STR, biopsy)",7,10,-16.666666666666668
CopulaGAN,8,Random Forest,"EOR (GTR, NTR, STR, biopsy)",7,10,-16.666666666666668
CopulaGAN,8,kNN,Radiotherapy (Y/N),13,12,5.555555555555555
CopulaGAN,8,Naive Bayes,Radiotherapy (Y/N),9,12,-16.666666666666668
CopulaGAN,8,Random Forest,Radiotherapy (Y/N),11,12,-5.555555555555555
CopulaGAN,8,kNN,Discharge dispo,10,11,-5.555555555555555
CopulaGAN,8,Naive Bayes,Discharge dispo,10,11,-5.555555555555555
CopulaGAN,8,Random Forest,Discharge dispo,10,11,-5.555555555555555
CopulaGAN,8,kNN,Overall Survival (yrs),3,6,-16.666666666666668
CopulaGAN,8,Random Forest,Overall Survival (yrs),0,6,-33.333333333333336
CopulaGAN,8,kNN,PFS (After Sx; Months),3,7,-22.22222222222222
CopulaGAN,8,Random Forest,PFS (After Sx; Months),3,7,-22.22222222222222
CTGAN,8,kNN,Death (Y/N),13,15,-11.11111111111111
CTGAN,8,Naive Bayes,Death (Y/N),15,15,0.0
CTGAN,8,Random Forest,Death (Y/N),12,15,-16.666666666666668
CTGAN,8,kNN,Recurrence,17,17,0.0
CTGAN,8,Naive Bayes,Recurrence,17,17,0.0
CTGAN,8,Random Forest,Recurrence,17,17,0.0
CTGAN,8,kNN,Postop complication,11,12,-5.555555555555555
CTGAN,8,Naive Bayes,Postop complication,8,12,-22.22222222222222
CTGAN,8,Random Forest,Postop complication,10,12,-11.11111111111111
CTGAN,8,kNN,"EOR (GTR, NTR, STR, biopsy)",11,10,5.555555555555555
CTGAN,8,Naive Bayes,"EOR (GTR, NTR, STR, biopsy)",8,10,-11.11111111111111
CTGAN,8,Random Forest,"EOR (GTR, NTR, STR, biopsy)",4,10,-33.333333333333336
CTGAN,8,kNN,Radiotherapy (Y/N),10,12,-11.11111111111111
CTGAN,8,Naive Bayes,Radiotherapy (Y/N),8,12,-22.22222222222222
CTGAN,8,Random Forest,Radiotherapy (Y/N),10,12,-11.11111111111111
CTGAN,8,kNN,Discharge dispo,11,11,0.0
CTGAN,8,Naive Bayes,Discharge dispo,2,11,-50.0
CTGAN,8,Random Forest,Discharge dispo,10,11,-5.555555555555555
CTGAN,8,kNN,Overall Survival (yrs),0,0,0.0
CTGAN,8,Random Forest,Overall Survival (yrs),0,0,0.0
CTGAN,8,kNN,PFS (After Sx; Months),6,7,-5.555555555555555
CTGAN,8,Random Forest,PFS (After Sx; Months),5,7,-11.11111111111111
TVAE,8,kNN,Death (Y/N),15,15,0.0
TVAE,8,Naive Bayes,Death (Y/N),14,15,-5.555555555555555
TVAE,8,Random Forest,Death (Y/N),16,15,5.555555555555555
TVAE,8,kNN,Recurrence,17,17,0.0
TVAE,8,Naive Bayes,Recurrence,7,17,-55.55555555555556
TVAE,8,Random Forest,Recurrence,17,17,0.0
TVAE,8,kNN,Postop complication,15,12,16.666666666666668
TVAE,8,Naive Bayes,Postop complication,13,12,5.555555555555555
TVAE,8,Random Forest,Postop complication,15,12,16.666666666666668
TVAE,8,kNN,"EOR (GTR, NTR, STR, biopsy)",11,10,5.555555555555555
TVAE,8,Naive Bayes,"EOR (GTR, NTR, STR, biopsy)",7,10,-16.666666666666668
TVAE,8,Random Forest,"EOR (GTR, NTR, STR, biopsy)",11,10,5.555555555555555
TVAE,8,kNN,Radiotherapy (Y/N),14,12,11.11111111111111
TVAE,8,Naive Bayes,Radiotherapy (Y/N),11,12,-5.555555555555555
TVAE,8,Random Forest,Radiotherapy (Y/N),14,12,11.11111111111111
TVAE,8,kNN,Discharge dispo,15,11,22.22222222222222
TVAE,8,Naive Bayes,Discharge dispo,12,11,5.555555555555555
TVAE,8,Random Forest,Discharge dispo,12,11,5.555555555555555
TVAE,8,kNN,Overall Survival (yrs),0,1,-5.555555555555555
TVAE,8,Random Forest,Overall Survival (yrs),3,1,11.11111111111111
TVAE,8,kNN,PFS (After Sx; Months),3,4,-5.555555555555555
TVAE,8,Random Forest,PFS (After Sx; Months),5,4,5.555555555555555
GaussianCopula,9,kNN,Death (Y/N),15,15,0.0
GaussianCopula,9,Naive Bayes,Death (Y/N),11,15,-22.22222222222222
GaussianCopula,9,Random Forest,Death (Y/N),15,15,0.0
GaussianCopula,9,kNN,Recurrence,17,17,0.0
GaussianCopula,9,Naive Bayes,Recurrence,4,17,-72.22222222222223
GaussianCopula,9,Random Forest,Recurrence,17,17,0.0
GaussianCopula,9,kNN,Postop complication,15,12,16.666666666666668
GaussianCopula,9,Naive Bayes,Postop complication,14,12,11.11111111111111
GaussianCopula,9,Random Forest,Postop complication,14,12,11.11111111111111
GaussianCopula,9,kNN,"EOR (GTR, NTR, STR, biopsy)",5,10,-27.77777777777778
GaussianCopula,9,Naive Bayes,"EOR (GTR, NTR, STR, biopsy)",5,10,-27.77777777777778
GaussianCopula,9,Random Forest,"EOR (GTR, NTR, STR, biopsy)",7,10,-16.666666666666668
GaussianCopula,9,kNN,Radiotherapy (Y/N),10,12,-11.11111111111111
GaussianCopula,9,Naive Bayes,Radiotherapy (Y/N),10,12,-11.11111111111111
GaussianCopula,9,Random Forest,Radiotherapy (Y/N),9,12,-16.666666666666668
GaussianCopula,9,kNN,Discharge dispo,8,11,-16.666666666666668
GaussianCopula,9,Naive Bayes,Discharge dispo,8,11,-16.666666666666668
GaussianCopula,9,Random Forest,Discharge dispo,11,11,0.0
GaussianCopula,9,kNN,Overall Survival (yrs),1,1,0.0
GaussianCopula,9,Random Forest,Overall Survival (yrs),0,1,-5.555555555555555
GaussianCopula,9,kNN,PFS (After Sx; Months),3,0,16.666666666666668
GaussianCopula,9,Random Forest,PFS (After Sx; Months),0,0,0.0
CopulaGAN,9,kNN,Death (Y/N),13,15,-11.11111111111111
CopulaGAN,9,Naive Bayes,Death (Y/N),15,15,0.0
CopulaGAN,9,Random Forest,Death (Y/N),15,15,0.0
CopulaGAN,9,kNN,Recurrence,17,17,0.0
CopulaGAN,9,Naive Bayes,Recurrence,16,17,-5.555555555555555
CopulaGAN,9,Random Forest,Recurrence,17,17,0.0
CopulaGAN,9,kNN,Postop complication,14,12,11.11111111111111
CopulaGAN,9,Naive Bayes,Postop complication,8,12,-22.22222222222222
CopulaGAN,9,Random Forest,Postop complication,14,12,11.11111111111111
CopulaGAN,9,kNN,"EOR (GTR, NTR, STR, biopsy)",7,10,-16.666666666666668
CopulaGAN,9,Naive Bayes,"EOR (GTR, NTR, STR, biopsy)",7,10,-16.666666666666668
CopulaGAN,9,Random Forest,"EOR (GTR, NTR, STR, biopsy)",6,10,-22.22222222222222
CopulaGAN,9,kNN,Radiotherapy (Y/N),10,12,-11.11111111111111
CopulaGAN,9,Naive Bayes,Radiotherapy (Y/N),8,12,-22.22222222222222
CopulaGAN,9,Random Forest,Radiotherapy (Y/N),12,12,0.0
CopulaGAN,9,kNN,Discharge dispo,10,11,-5.555555555555555
CopulaGAN,9,Naive Bayes,Discharge dispo,10,11,-5.555555555555555
CopulaGAN,9,Random Forest,Discharge dispo,11,11,0.0
CopulaGAN,9,kNN,Overall Survival (yrs),0,0,0.0
CopulaGAN,9,Random Forest,Overall Survival (yrs),0,0,0.0
CopulaGAN,9,kNN,PFS (After Sx; Months),0,2,-11.11111111111111
CopulaGAN,9,Random Forest,PFS (After Sx; Months),0,2,-11.11111111111111
CTGAN,9,kNN,Death (Y/N),14,15,-5.555555555555555
CTGAN,9,Naive Bayes,Death (Y/N),15,15,0.0
CTGAN,9,Random Forest,Death (Y/N),15,15,0.0
CTGAN,9,kNN,Recurrence,17,17,0.0
CTGAN,9,Naive Bayes,Recurrence,17,17,0.0
CTGAN,9,Random Forest,Recurrence,17,17,0.0
CTGAN,9,kNN,Postop complication,9,12,-16.666666666666668
CTGAN,9,Naive Bayes,Postop complication,9,12,-16.666666666666668
CTGAN,9,Random Forest,Postop complication,14,12,11.11111111111111
CTGAN,9,kNN,"EOR (GTR, NTR, STR, biopsy)",9,10,-5.555555555555555
CTGAN,9,Naive Bayes,"EOR (GTR, NTR, STR, biopsy)",7,10,-16.666666666666668
CTGAN,9,Random Forest,"EOR (GTR, NTR, STR, biopsy)",9,10,-5.555555555555555
CTGAN,9,kNN,Radiotherapy (Y/N),11,12,-5.555555555555555
CTGAN,9,Naive Bayes,Radiotherapy (Y/N),9,12,-16.666666666666668
CTGAN,9,Random Forest,Radiotherapy (Y/N),11,12,-5.555555555555555
CTGAN,9,kNN,Discharge dispo,10,11,-5.555555555555555
CTGAN,9,Naive Bayes,Discharge dispo,10,11,-5.555555555555555
CTGAN,9,Random Forest,Discharge dispo,10,11,-5.555555555555555
CTGAN,9,kNN,Overall Survival (yrs),1,0,5.555555555555555
CTGAN,9,Random Forest,Overall Survival (yrs),1,0,5.555555555555555
CTGAN,9,kNN,PFS (After Sx; Months),4,7,-16.666666666666668
CTGAN,9,Random Forest,PFS (After Sx; Months),2,7,-27.77777777777778
TVAE,9,kNN,Death (Y/N),15,15,0.0
TVAE,9,Naive Bayes,Death (Y/N),14,15,-5.555555555555555
TVAE,9,Random Forest,Death (Y/N),17,15,11.11111111111111
TVAE,9,kNN,Recurrence,17,17,0.0
TVAE,9,Naive Bayes,Recurrence,7,17,-55.55555555555556
TVAE,9,Random Forest,Recurrence,17,17,0.0
TVAE,9,kNN,Postop complication,15,12,16.666666666666668
TVAE,9,Naive Bayes,Postop complication,12,12,0.0
TVAE,9,Random Forest,Postop complication,15,12,16.666666666666668
TVAE,9,kNN,"EOR (GTR, NTR, STR, biopsy)",15,10,27.77777777777778
TVAE,9,Naive Bayes,"EOR (GTR, NTR, STR, biopsy)",8,10,-11.11111111111111
TVAE,9,Random Forest,"EOR (GTR, NTR, STR, biopsy)",13,10,16.666666666666668
TVAE,9,kNN,Radiotherapy (Y/N),14,12,11.11111111111111
TVAE,9,Naive Bayes,Radiotherapy (Y/N),10,12,-11.11111111111111
TVAE,9,Random Forest,Radiotherapy (Y/N),15,12,16.666666666666668
TVAE,9,kNN,Discharge dispo,15,11,22.22222222222222
TVAE,9,Naive Bayes,Discharge dispo,11,11,0.0
TVAE,9,Random Forest,Discharge dispo,16,11,27.77777777777778
TVAE,9,kNN,Overall Survival (yrs),2,1,5.555555555555555
TVAE,9,Random Forest,Overall Survival (yrs),0,1,-5.555555555555555
TVAE,9,kNN,PFS (After Sx; Months),5,4,5.555555555555555
TVAE,9,Random Forest,PFS (After Sx; Months),6,4,11.11111111111111
