Source,Seed,Exact_copies_pct,Near_copies_95_pct,Near_copies_90_pct,Median_DCR,DCR_5th_pct,Too_close_pct,QI_matched_patients,QI_disclosed_patients,QI_disclosures_total
GaussianCopula,0,0.0,0.0,0.0,0.3114754098360656,0.24590163934426235,15.9,17,5,7
CopulaGAN,0,0.0,0.0,0.0,0.29508196721311475,0.21311475409836067,29.7,18,6,6
CTGAN,0,0.0,0.0,0.0,0.3114754098360656,0.24590163934426235,12.1,18,7,8
TVAE,0,0.0,0.1,1.7999999999999998,0.2295081967213115,0.1311475409836066,89.9,16,5,6
Independent baseline,0,0.0,0.0,0.0,0.3278688524590164,0.2622950819672131,7.199999999999999,17,0,0
GaussianCopula,1,0.0,0.0,0.0,0.3114754098360656,0.24590163934426235,15.7,17,2,4
CopulaGAN,1,0.0,0.0,0.0,0.3278688524590164,0.24590163934426235,11.0,18,5,5
CTGAN,1,0.0,0.0,0.0,0.29508196721311475,0.21311475409836067,27.6,18,5,5
TVAE,1,0.0,0.0,2.1,0.21311475409836067,0.1311475409836066,90.9,17,6,12
Independent baseline,1,0.0,0.0,0.0,0.3278688524590164,0.2622950819672131,6.1,18,0,0
GaussianCopula,2,0.0,0.0,0.0,0.3114754098360656,0.24590163934426235,16.2,17,2,2
CopulaGAN,2,0.0,0.0,0.0,0.3114754098360656,0.24590163934426235,10.0,18,2,2
CTGAN,2,0.0,0.0,0.0,0.3114754098360656,0.21311475409836067,17.0,18,6,6
TVAE,2,0.0,0.1,2.1999999999999997,0.2295081967213115,0.1311475409836066,89.2,17,5,13
Independent baseline,2,0.0,0.0,0.0,0.3278688524590164,0.2622950819672131,6.3,18,0,0
GaussianCopula,3,0.0,0.0,0.0,0.3114754098360656,0.24590163934426235,16.8,17,5,5
CopulaGAN,3,0.0,0.0,0.0,0.3114754098360656,0.2295081967213115,17.7,18,5,5
CTGAN,3,0.0,0.0,0.0,0.3278688524590164,0.24508196721311484,13.4,18,3,4
TVAE,3,0.0,0.1,2.1999999999999997,0.2295081967213115,0.1311475409836066,90.10000000000001,16,4,7
Independent baseline,3,0.0,0.0,0.0,0.3278688524590164,0.2622950819672131,6.7,17,0,0
GaussianCopula,4,0.0,0.0,0.0,0.3114754098360656,0.24590163934426235,17.1,17,5,7
CopulaGAN,4,0.0,0.0,0.0,0.3114754098360656,0.2295081967213115,16.5,17,8,8
CTGAN,4,0.0,0.0,0.0,0.3114754098360656,0.24590163934426235,14.2,18,6,7
TVAE,4,0.0,0.0,2.3,0.21311475409836067,0.1303278688524591,89.4,17,6,12
Independent baseline,4,0.0,0.0,0.0,0.3278688524590164,0.2622950819672131,7.000000000000001,17,0,0
GaussianCopula,5,0.0,0.0,0.0,0.3114754098360656,0.24590163934426235,16.7,17,4,6
CopulaGAN,5,0.0,0.0,0.0,0.2786885245901639,0.21311475409836067,34.1,18,1,1
CTGAN,5,0.0,0.0,0.0,0.3114754098360656,0.21229508196721317,23.200000000000003,18,7,7
TVAE,5,0.0,0.0,1.9,0.2295081967213115,0.1311475409836066,90.0,16,5,9
Independent baseline,5,0.0,0.0,0.0,0.3278688524590164,0.2622950819672131,6.5,18,1,1
GaussianCopula,6,0.0,0.0,0.0,0.3114754098360656,0.24590163934426235,15.2,17,5,7
CopulaGAN,6,0.0,0.0,0.0,0.3114754098360656,0.24590163934426235,16.8,18,4,4
CTGAN,6,0.0,0.0,0.0,0.3114754098360656,0.228688524590164,14.799999999999999,18,3,3
TVAE,6,0.0,0.0,1.7000000000000002,0.2295081967213115,0.1311475409836066,87.0,17,6,14
Independent baseline,6,0.0,0.0,0.0,0.3278688524590164,0.2622950819672131,5.800000000000001,18,0,0
GaussianCopula,7,0.0,0.0,0.0,0.3114754098360656,0.24590163934426235,18.0,18,5,5
CopulaGAN,7,0.0,0.0,0.0,0.3114754098360656,0.2295081967213115,16.900000000000002,18,3,3
CTGAN,7,0.0,0.0,0.0,0.3114754098360656,0.24590163934426235,14.399999999999999,18,2,2
TVAE,7,0.0,0.2,1.9,0.2295081967213115,0.1311475409836066,88.8,14,4,4
Independent baseline,7,0.0,0.0,0.0,0.3278688524590164,0.2622950819672131,7.1,18,2,2
GaussianCopula,8,0.0,0.0,0.0,0.3114754098360656,0.24590163934426235,18.7,18,5,8
CopulaGAN,8,0.0,0.0,0.0,0.3114754098360656,0.24590163934426235,15.9,18,6,6
CTGAN,8,0.0,0.0,0.1,0.3114754098360656,0.21311475409836067,17.0,18,7,9
TVAE,8,0.0,0.0,1.5,0.2295081967213115,0.1311475409836066,87.0,15,5,12
Independent baseline,8,0.0,0.0,0.0,0.3278688524590164,0.2622950819672131,6.3,18,0,0
GaussianCopula,9,0.0,0.0,0.0,0.3114754098360656,0.24590163934426235,15.7,17,5,6
CopulaGAN,9,0.0,0.0,0.0,0.29508196721311475,0.21311475409836067,23.5,18,4,5
CTGAN,9,0.0,0.0,0.0,0.3114754098360656,0.24590163934426235,13.0,18,4,4
TVAE,9,0.0,0.1,0.8999999999999999,0.2295081967213115,0.1311475409836066,88.4,15,5,8
Independent baseline,9,0.0,0.0,0.0,0.3278688524590164,0.2622950819672131,6.1,18,1,1
