Source,Seed,Spearman_r,Kendall_r,Spearman_CMD,Kendall_CMD,NMI_r,CramersV_r,CramersV_corrected_r,TheilsU_r,Log_cluster
GaussianCopula,0,0.5370121647802044,0.5230585127524995,0.34607051487800367,0.34459687637072145,0.20219069358416167,0.3515476380137937,0.28297439873572733,0.3170336568236514,-2.8095531783356056
CopulaGAN,0,0.5267081247358597,0.539586271689329,0.35944601280047894,0.3385057224965484,0.3086955398691129,0.48121136926119223,0.4302620256721502,0.43391617618035494,-2.5722736606172063
CTGAN,0,0.525136545856306,0.5339773496949775,0.36051559376462694,0.3425949077862207,0.2985914525783847,0.47535654624471974,0.40150193150932734,0.41877737492755407,-2.5351293747979575
TVAE,0,0.9023939282717295,0.9048500364340573,0.09534147932587789,0.0922709677013388,0.6289062474505615,0.8630963356744099,0.8373737343839518,0.8824589877480867,-2.902890201326175
Independent baseline,0,-0.02639269413028129,-0.026880588985950374,0.5756762191266415,0.5524179834443885,0.2747421766351673,0.25581930690505184,-0.008188502004913919,0.14985728529274242,-2.8826486635890656
GaussianCopula,1,0.522580474194894,0.5074894835266044,0.35540364181599826,0.3539804366417606,0.1849428679813181,0.3295927556270632,0.26942999063958584,0.2867664646010261,-2.84714084151647
CopulaGAN,1,0.4871421246783893,0.5010470253716253,0.3877639962094096,0.36448150295311077,0.23379701731127792,0.42861478899420913,0.36399975033717946,0.3542616189680732,-2.22472699449083
CTGAN,1,0.5424285083125912,0.5534660910253154,0.34808137340180656,0.3296992520704355,0.3021302518327002,0.5055996826434411,0.45467636390842037,0.4472246701047783,-2.9669514578045058
TVAE,1,0.9145733872108602,0.9158744012254273,0.08833991370535299,0.0868395141329934,0.631392123378525,0.8735423298891659,0.8423236503872771,0.8879105256161007,-2.820319053474415
Independent baseline,1,0.01587508628817907,0.02033087195232719,0.5665114836921239,0.5429381001840196,0.32116056167643614,0.30467211959196616,0.04750112090267873,0.201601653259579,-2.7840854309633283
GaussianCopula,2,0.5145639669030365,0.49892213685480197,0.36054233536855185,0.3590846615139316,0.19325900098278878,0.3399725147664136,0.272100815440546,0.2987077984705354,-2.5924671519773392
CopulaGAN,2,0.5095794974541985,0.5222480244917711,0.3708245686626058,0.3493260528631472,0.2553804005164415,0.4329550600835809,0.3805327032541761,0.34705552610192325,-2.220528946247218
CTGAN,2,0.5384593371314756,0.5486761408583027,0.3552059337316036,0.3362981041485149,0.29966684781578734,0.47870404017840457,0.42541297630170233,0.418844546021359,-2.879299935875833
TVAE,2,0.8956156308429178,0.8970215854587821,0.10195736751018769,0.10069683723958922,0.6296518429728025,0.8539462783466674,0.8255421830153776,0.8735579808765686,-2.733930921662865
Independent baseline,2,0.033440786607031404,0.025750906222301678,0.5630412735399695,0.5418979420092639,0.3162564098655177,0.29513323792732,0.034035019063750165,0.2062400459569057,-2.7163444693983956
GaussianCopula,3,0.530082693845352,0.5145572614493411,0.35069137313946974,0.3499288756743505,0.11652900386062706,0.3405670163442198,0.28133035976072845,0.2854029858095727,-2.9224730075952006
CopulaGAN,3,0.5099004199382631,0.5247242100909905,0.3786739294752174,0.3547302057284478,0.27732205856795,0.4705926533278225,0.40473066880829284,0.388606898482236,-2.2983033922341316
CTGAN,3,0.5132528340509076,0.5222962210615045,0.36457498922680065,0.34599213098730186,0.33681174375382605,0.4775467476229047,0.4193157061713251,0.40071040412580333,-2.7001959021000466
TVAE,3,0.9068445910507803,0.9094394577800703,0.09316060766395862,0.09087969249624761,0.6315370921381686,0.8581566156568285,0.8315935465480162,0.8782612199571884,-2.796532942324983
Independent baseline,3,-0.028871844740898843,-0.03044643572748301,0.5751138243756708,0.5519098753544684,0.3659627808575359,0.3156917459556759,0.03846286577596792,0.24507276347945262,-2.704100600911807
GaussianCopula,4,0.5536937694387061,0.54032271422402,0.33531111670169345,0.33435465259579833,0.20580385547587382,0.36493916122361797,0.30340627928641684,0.33029004393469913,-2.908409767818389
CopulaGAN,4,0.49651181241196163,0.512863450300096,0.3813925027438252,0.3566352308823467,0.2673431232438294,0.4409943208524312,0.390246730297497,0.3763645602965704,-2.4365265938620015
CTGAN,4,0.5289267760530497,0.540038967672272,0.3577315909227252,0.3384023772977973,0.2540902140678289,0.4683411412027901,0.3971687501149963,0.38659832695004503,-2.5700478507945648
TVAE,4,0.8981449733070977,0.8983773697698113,0.1014803048633115,0.09979047075950964,0.6077772314175222,0.8470820818614804,0.8144230501706484,0.8659481335682218,-2.7703740368480445
Independent baseline,4,0.009505489344211675,0.011291773193495733,0.5680545373753698,0.5447486328813291,0.33666381088495223,0.31047250585910946,0.06188914609275713,0.230112805314649,-2.7973886803600276
GaussianCopula,5,0.5278815705335715,0.5117406997392996,0.35197488093213913,0.3513789743070084,0.18880578093671319,0.33462533870255146,0.26922238446356594,0.30798119703045024,-2.8468457059660413
CopulaGAN,5,0.4786736608888864,0.5001177435639036,0.3867293728502281,0.3594181723536547,0.31315661540151124,0.47918961488503425,0.42351470880274744,0.4167321461012448,-2.235648850296313
CTGAN,5,0.5364710520002258,0.5474154418433073,0.35587393263212863,0.33590102359645013,0.3277827334937893,0.4793593051517294,0.4306222462599454,0.4301285035069272,-2.8137223320078957
TVAE,5,0.8936862204683387,0.8978358289131052,0.10092907367887571,0.0970421891685348,0.6431147182636406,0.8638920213032629,0.8435759912753323,0.8891872930175881,-2.993784040305708
Independent baseline,5,0.04649924783975284,0.048969413285156034,0.5604778107026565,0.5376356097518806,0.33729479551296837,0.30329494814201274,0.07429343292004274,0.2047076031038198,-2.865368926534763
GaussianCopula,6,0.5282228244947315,0.5138664527600154,0.35175763722316167,0.3501848966606016,0.19436901231019635,0.34965799313288687,0.29552143669959946,0.3110216330663595,-2.880089837612943
CopulaGAN,6,0.521293623533357,0.535782628271717,0.3605734413439615,0.3388526520527859,0.2671927567882323,0.4784981921930832,0.4058654483218647,0.40914768471933466,-2.0844741006664047
CTGAN,6,0.5376790317197784,0.5475115518193161,0.3579623216939781,0.33932451313059653,0.2997951229862701,0.4896430473205056,0.4265604842137404,0.430504046293567,-3.065677219812751
TVAE,6,0.8925099533023151,0.8955081363232757,0.10362968132156003,0.10046604461516162,0.6303857637964525,0.8697774087742234,0.8270607705846127,0.880638733604985,-2.8607557687036183
Independent baseline,6,0.013488328224438812,0.012709168041475996,0.5667029027972571,0.5440633606248291,0.31231241036769203,0.29000067752407477,0.03305395831174217,0.21395106471685166,-2.819803045795237
GaussianCopula,7,0.5231320072032868,0.5075518060221228,0.35517747211628725,0.35410299620039265,0.19316180304686306,0.3310572139704576,0.2749266903814655,0.311470783512823,-2.942990078443743
CopulaGAN,7,0.4968788288429419,0.5129911116308015,0.37796597076824223,0.35377468096985865,0.2840212290685285,0.45760243490284835,0.3831403483114045,0.3903583471370556,-2.3826666117895665
CTGAN,7,0.5283558155496202,0.5374066495336219,0.3623243867734537,0.3434572799266785,0.32952334156603036,0.46820801245470467,0.42273385688566967,0.40798133386587176,-2.526423469594632
TVAE,7,0.8955481841462282,0.896839381687823,0.1008882850830487,0.09919557451210637,0.6265513007415577,0.8503562415397662,0.8276426958028873,0.8654385303245308,-2.8661856826176813
Independent baseline,7,-0.027168449360004926,-0.02742091315139579,0.5749991640091576,0.5516319657260573,0.35368507032549257,0.316908968749481,0.06675463783352205,0.24200878069627466,-2.853486444521265
GaussianCopula,8,0.5260920966262652,0.5109621776143762,0.35307074068990574,0.35179329324562225,0.18255239256852931,0.32865762387369757,0.2650564103636128,0.27869517750497436,-2.887788736324339
CopulaGAN,8,0.5053471106841168,0.5237691629994299,0.3747973036478329,0.34916108738732143,0.2368563282071696,0.4498310937065602,0.38918502122242843,0.3616043140503878,-2.395635504407782
CTGAN,8,0.5333762162584587,0.5466025888764608,0.35943845986156653,0.3382968430127208,0.30823125605886686,0.46947511850463775,0.410155368975527,0.4212957615337962,-3.030736489491924
TVAE,8,0.8923570019591501,0.8914537486571554,0.10276337449666606,0.10204455694368775,0.6095789157346002,0.8436733677732304,0.7955171068263328,0.8687417954584947,-2.9710328207070105
Independent baseline,8,-0.0074773333777524995,-0.009396135805204977,0.5717138639678927,0.5489056536412071,0.3002105704417704,0.28401081256902605,0.03770255596185969,0.20367306111883804,-2.7761727869993527
GaussianCopula,9,0.5445714368246927,0.5289628990366295,0.34143705979903605,0.3413568310013616,0.2004349238983379,0.3510334606205986,0.28526667065198447,0.29986518737116974,-2.7954872873002903
CopulaGAN,9,0.5187959770772466,0.5315162860854767,0.3655676704687406,0.3444818184734417,0.27583322629582585,0.4675775411693879,0.40507287999314967,0.4057083750019096,-2.4721506886210194
CTGAN,9,0.5324086645908429,0.5415670516792221,0.3530833505287211,0.33547451288178354,0.2512032211434937,0.45775630488595664,0.3919524001736536,0.3827725080510366,-2.5805207657939055
TVAE,9,0.8893049675684278,0.891668364105648,0.10781923915832714,0.10464577975946188,0.6187400331169868,0.8589268243955639,0.8252444484069316,0.8819865827469501,-2.840417612308727
Independent baseline,9,-0.02243589168318763,-0.024371110555569883,0.5747507305189837,0.5517489777939532,0.3042078753871822,0.2852072480384184,0.038666446183119596,0.19727648165595352,-2.7847594246934344
