Association,Source,logOR_mean,logOR_min,logOR_max,Same_direction_runs_pct,Same_direction_n18_pct,Inside_real_CI_runs_pct,Real_logOR,Real_CI_low,Real_CI_high,Real_Fisher_p,Real_Table_a_b_c_d
Infratentorial → preop cerebellar signs,CTGAN,2.20692125596499,1.7737056010983694,2.623584434312014,100.0,97.34,100.0,2.1972245773362196,-0.011445208354303738,4.405894363026743,0.04738562091503268,"[10, 3, 1, 4]"
Infratentorial → preop cerebellar signs,CopulaGAN,1.8835326673139101,1.5811605634702721,2.038158456908174,100.0,94.74,100.0,2.1972245773362196,-0.011445208354303738,4.405894363026743,0.04738562091503268,"[10, 3, 1, 4]"
Infratentorial → preop cerebellar signs,GaussianCopula,0.16642483660883958,-0.07313625387553943,0.379523059487967,90.0,55.44,90.0,2.1972245773362196,-0.011445208354303738,4.405894363026743,0.04738562091503268,"[10, 3, 1, 4]"
Infratentorial → preop cerebellar signs,Independent baseline,-0.031320148665556685,-0.288987727413205,0.24674911741807762,40.0,47.88,50.0,2.1972245773362196,-0.011445208354303738,4.405894363026743,0.04738562091503268,"[10, 3, 1, 4]"
Infratentorial → preop cerebellar signs,TVAE,1.7451896825843307,1.4304709844691175,2.2738435497976157,100.0,90.1,100.0,2.1972245773362196,-0.011445208354303738,4.405894363026743,0.04738562091503268,"[10, 3, 1, 4]"
Infratentorial → preop hydrocephalus,CTGAN,1.8679085594312679,1.7263471794045255,2.017039161193557,100.0,92.88,100.0,0.9555114450274363,-1.17004360566033,3.0810664957152025,0.5955882352941175,"[6, 7, 1, 4]"
Infratentorial → preop hydrocephalus,CopulaGAN,1.7959706087471972,1.4227909811509625,2.176188140777281,100.0,89.96000000000001,100.0,0.9555114450274363,-1.17004360566033,3.0810664957152025,0.5955882352941175,"[6, 7, 1, 4]"
Infratentorial → preop hydrocephalus,GaussianCopula,0.1562406903843308,-0.06871859502254625,0.44131123988130017,80.0,49.38,100.0,0.9555114450274363,-1.17004360566033,3.0810664957152025,0.5955882352941175,"[6, 7, 1, 4]"
Infratentorial → preop hydrocephalus,Independent baseline,-0.05966118349192952,-0.16402758842702256,0.05451117280770067,20.0,44.58,100.0,0.9555114450274363,-1.17004360566033,3.0810664957152025,0.5955882352941175,"[6, 7, 1, 4]"
Infratentorial → preop hydrocephalus,TVAE,1.3357391376379222,0.8894177807483274,1.8250199932370477,100.0,74.78,100.0,0.9555114450274363,-1.17004360566033,3.0810664957152025,0.5955882352941175,"[6, 7, 1, 4]"
Infratentorial → preop nausea/vomiting,CTGAN,1.9879690630719349,1.6058776420579934,2.601977965840919,100.0,92.34,100.0,2.540996116439044,-0.5387606020732223,5.62075283495131,0.10130718954248366,"[7, 6, 0, 5]"
Infratentorial → preop nausea/vomiting,CopulaGAN,1.863614553772401,1.5834684493108167,2.152561793624325,100.0,90.48,100.0,2.540996116439044,-0.5387606020732223,5.62075283495131,0.10130718954248366,"[7, 6, 0, 5]"
Infratentorial → preop nausea/vomiting,GaussianCopula,0.22594475095009567,0.0985505663093969,0.4506259267859339,100.0,53.739999999999995,100.0,2.540996116439044,-0.5387606020732223,5.62075283495131,0.10130718954248366,"[7, 6, 0, 5]"
Infratentorial → preop nausea/vomiting,Independent baseline,-0.006668369727635373,-0.18487812874901355,0.10286831548507537,40.0,45.68,100.0,2.540996116439044,-0.5387606020732223,5.62075283495131,0.10130718954248366,"[7, 6, 0, 5]"
Infratentorial → preop nausea/vomiting,TVAE,3.566431752978258,2.571616341233461,5.498187095267499,100.0,94.84,100.0,2.540996116439044,-0.5387606020732223,5.62075283495131,0.10130718954248366,"[7, 6, 0, 5]"
Ki-67 ≥7% → WHO grade 3,CTGAN,2.3458741586440386,1.7862194744594417,2.7349931937822447,100.0,95.86,100.0,1.783791299578878,-0.5619782259002699,4.129560825058026,0.17156862745098042,"[2, 3, 1, 12]"
Ki-67 ≥7% → WHO grade 3,CopulaGAN,2.2085588666455793,1.703992651577226,2.694202289930272,100.0,94.52000000000001,100.0,1.783791299578878,-0.5619782259002699,4.129560825058026,0.17156862745098042,"[2, 3, 1, 12]"
Ki-67 ≥7% → WHO grade 3,GaussianCopula,1.6389528969552483,0.892884180919251,2.417118136031339,100.0,89.46000000000001,100.0,1.783791299578878,-0.5619782259002699,4.129560825058026,0.17156862745098042,"[2, 3, 1, 12]"
Ki-67 ≥7% → WHO grade 3,Independent baseline,-0.08293483303674401,-0.35097641716692873,0.12355023937854116,50.0,50.980000000000004,100.0,1.783791299578878,-0.5619782259002699,4.129560825058026,0.17156862745098042,"[2, 3, 1, 12]"
Ki-67 ≥7% → WHO grade 3,TVAE,2.077927243652658,1.5620637493104088,2.4603601450019585,100.0,94.4,100.0,1.783791299578878,-0.5619782259002699,4.129560825058026,0.17156862745098042,"[2, 3, 1, 12]"
Non-GTR → radiotherapy,CTGAN,-0.32486454839293655,-0.688116186452469,-0.028996192479520472,0.0,34.08,100.0,0.5877866649021191,-1.3022820264738473,2.477855356278085,0.6380090497737557,"[6, 2, 6, 4]"
Non-GTR → radiotherapy,CopulaGAN,-0.41246110537307323,-0.5859006086307104,-0.18557888014885782,0.0,30.98,100.0,0.5877866649021191,-1.3022820264738473,2.477855356278085,0.6380090497737557,"[6, 2, 6, 4]"
Non-GTR → radiotherapy,GaussianCopula,0.27969378594527755,0.08418379330578589,0.43892100215293894,100.0,58.7,100.0,0.5877866649021191,-1.3022820264738473,2.477855356278085,0.6380090497737557,"[6, 2, 6, 4]"
Non-GTR → radiotherapy,Independent baseline,0.000887988002148947,-0.20195592374134771,0.28244348526027857,50.0,46.839999999999996,100.0,0.5877866649021191,-1.3022820264738473,2.477855356278085,0.6380090497737557,"[6, 2, 6, 4]"
Non-GTR → radiotherapy,TVAE,0.06517851673315164,-0.3594803633308627,0.7063012218708278,50.0,45.16,100.0,0.5877866649021191,-1.3022820264738473,2.477855356278085,0.6380090497737557,"[6, 2, 6, 4]"
WHO grade 3 → death,CTGAN,-0.2593046237834466,-0.6998767258951518,0.15567657684367447,90.0,39.28,100.0,-0.6729444732424258,-3.8644532073680273,2.5185642608831755,1.0,"[0, 3, 3, 12]"
WHO grade 3 → death,CopulaGAN,-0.23326413183204853,-0.9839691669532867,0.19602501023403954,80.0,34.94,100.0,-0.6729444732424258,-3.8644532073680273,2.5185642608831755,1.0,"[0, 3, 3, 12]"
WHO grade 3 → death,GaussianCopula,-1.6158133291785455,-2.6612654367564206,-0.3696095283626503,100.0,7.659999999999999,100.0,-0.6729444732424258,-3.8644532073680273,2.5185642608831755,1.0,"[0, 3, 3, 12]"
WHO grade 3 → death,Independent baseline,-0.04353780280089722,-0.5709723263951969,0.4131548773961846,80.0,36.04,100.0,-0.6729444732424258,-3.8644532073680273,2.5185642608831755,1.0,"[0, 3, 3, 12]"
WHO grade 3 → death,TVAE,-0.8301514002067147,-2.2529492991743196,0.35107767041301885,80.0,3.66,100.0,-0.6729444732424258,-3.8644532073680273,2.5185642608831755,1.0,"[0, 3, 3, 12]"
WHO grade 3 → radiotherapy,CTGAN,1.3797742999079092,0.5819696583821351,1.8579027651762796,0.0,19.22,100.0,-0.13580154115906176,-2.4078151988218104,2.1362121165036867,1.0,"[2, 1, 10, 5]"
WHO grade 3 → radiotherapy,CopulaGAN,1.5297289859344034,0.9034337984439542,1.831497984897356,0.0,22.240000000000002,100.0,-0.13580154115906176,-2.4078151988218104,2.1362121165036867,1.0,"[2, 1, 10, 5]"
WHO grade 3 → radiotherapy,GaussianCopula,0.03288048675866874,-0.8063201933437341,0.8541800223892834,50.0,68.1,100.0,-0.13580154115906176,-2.4078151988218104,2.1362121165036867,1.0,"[2, 1, 10, 5]"
WHO grade 3 → radiotherapy,Independent baseline,-0.00459258443524804,-0.38007335036361767,0.149230784257389,40.0,51.7,100.0,-0.13580154115906176,-2.4078151988218104,2.1362121165036867,1.0,"[2, 1, 10, 5]"
WHO grade 3 → radiotherapy,TVAE,0.07602375978718075,-0.5412806836655367,0.4658969163428186,30.0,67.75999999999999,100.0,-0.13580154115906176,-2.4078151988218104,2.1362121165036867,1.0,"[2, 1, 10, 5]"
