Source,Seed,Corr_of_correlations,Mean_abs_diff,Sign_agreement_strong_pct,N_pairs,N_strong_pairs
GaussianCopula,0,0.5370121647802044,0.18907909838822332,84.14634146341463,1485,410
GaussianCopula,1,0.522580474194894,0.1899416395895406,82.4390243902439,1485,410
GaussianCopula,2,0.5145639669030365,0.1919936164171098,80.73170731707317,1485,410
GaussianCopula,3,0.530082693845352,0.1898195109967592,81.46341463414633,1485,410
GaussianCopula,4,0.5536937694387061,0.18681357576477692,85.1219512195122,1485,410
GaussianCopula,5,0.5278815705335715,0.18993826177178352,81.46341463414633,1485,410
GaussianCopula,6,0.5282228244947315,0.18978595003368814,82.1951219512195,1485,410
GaussianCopula,7,0.5231320072032868,0.19077017541408856,83.17073170731707,1485,410
GaussianCopula,8,0.5260920966262652,0.19024071586404992,83.90243902439025,1485,410
GaussianCopula,9,0.5445714368246927,0.18821619704211986,84.6341463414634,1485,410
CopulaGAN,0,0.5267064156986866,0.19323219031308458,76.82926829268293,1485,410
CopulaGAN,1,0.4871421246783893,0.19851880036751574,77.07317073170732,1485,410
CopulaGAN,2,0.5095794974541985,0.19399058467184938,79.02439024390245,1485,410
CopulaGAN,3,0.5099004199382631,0.19814654275331922,80.0,1485,410
CopulaGAN,4,0.49651181241196163,0.19542648331633372,75.85365853658537,1485,410
CopulaGAN,5,0.4786736608888864,0.195477573456275,76.09756097560975,1485,410
CopulaGAN,6,0.521293623533357,0.19139986264307587,78.53658536585367,1485,410
CopulaGAN,7,0.49687285301196465,0.1959206794016457,74.8780487804878,1485,410
CopulaGAN,8,0.5053490338566112,0.19380187230375084,77.5609756097561,1485,410
CopulaGAN,9,0.5187959770772466,0.19349074106554684,77.07317073170732,1485,410
CTGAN,0,0.525136545856306,0.19206629838729342,78.78048780487805,1485,410
CTGAN,1,0.5424285083125912,0.18923816640950944,77.8048780487805,1485,410
CTGAN,2,0.5384593371314756,0.1931500452828916,78.29268292682927,1485,410
CTGAN,3,0.5132528340509076,0.1937030635266703,76.58536585365854,1485,410
CTGAN,4,0.5289267760530497,0.19063637536369357,78.29268292682927,1485,410
CTGAN,5,0.5364710520002258,0.1944739024728557,79.51219512195122,1485,410
CTGAN,6,0.5376790317197784,0.19443210275645126,78.53658536585367,1485,410
CTGAN,7,0.5283558155496202,0.19625017645063944,77.3170731707317,1485,410
CTGAN,8,0.5333762162584587,0.19518403343475765,79.26829268292683,1485,410
CTGAN,9,0.5324086645908429,0.18913018630537698,80.2439024390244,1485,410
TVAE,0,0.9023939282717295,0.12297550071163192,99.51219512195122,1485,410
TVAE,1,0.9145733872108602,0.12049089672488432,99.51219512195122,1485,410
TVAE,2,0.8956156308429178,0.1263810704587542,99.51219512195122,1485,410
TVAE,3,0.9068445910507803,0.12260829409859951,100.0,1485,410
TVAE,4,0.8981449733070977,0.1254162687756507,100.0,1485,410
TVAE,5,0.8936862204683387,0.12543747713408274,100.0,1485,410
TVAE,6,0.8925099533023151,0.1283807996004007,100.0,1485,410
TVAE,7,0.8955481841462282,0.12578156244255076,98.53658536585365,1485,410
TVAE,8,0.8923570019591501,0.12524610599388622,99.7560975609756,1485,410
TVAE,9,0.8893049675684278,0.1284244173461514,99.02439024390245,1485,410
Independent baseline,0,-0.02639269413028129,0.2292572367244087,50.24390243902439,1485,410
Independent baseline,1,0.01587508628817907,0.22789522298504658,48.048780487804876,1485,410
Independent baseline,2,0.033440786607031404,0.2270407696259064,50.73170731707317,1485,410
Independent baseline,3,-0.028871844740898843,0.2296667343896718,49.75609756097561,1485,410
Independent baseline,4,0.009505489344211675,0.22837330871017608,49.75609756097561,1485,410
Independent baseline,5,0.04649924783975284,0.22670161272513142,52.926829268292686,1485,410
Independent baseline,6,0.013488328224438812,0.2274286376443354,52.926829268292686,1485,410
Independent baseline,7,-0.027168449360004926,0.22985764813712778,51.707317073170735,1485,410
Independent baseline,8,-0.0074773333777524995,0.2281598699901978,50.73170731707317,1485,410
Independent baseline,9,-0.02243589168318763,0.22866251927974565,50.73170731707317,1485,410
